backlog_id,source_kind,source_path,source_item,api_disposition,requirement_ids,stimulus_summary,observation_selectors,fixture_status,fixture_path,exclusion_reason,evidence_refs
data-auth-errors.api.address-shape,api_behavior,starlette/datastructures.py,Address returned by request.client,uncertain,starlette.datastructures.Address;starlette.requests.Request.client,Supply an HTTP ASGI scope with a client host and port and read the request client address as a named pair.,request.client presence; tuple shape; host; port,backlog,,,starlette/datastructures.py:13-16;starlette/requests.py:65-71;docs/requests.md:61-67
data-auth-errors.api.formdata-close,api_behavior,starlette/datastructures.py,FormData.close and upload cleanup,uncertain,starlette.datastructures.FormData.close;starlette.datastructures.UploadFile.close,"Parse a multipart HTTP request containing multiple uploaded files and text fields inside an async form context, then leave the context.",form-context completion; each upload file closed state; text field retention; cleanup exception selectors,backlog,,,starlette/datastructures.py:482-498;starlette/datastructures.py:472-476;starlette/requests.py:268-326;docs/requests.md:135-162
data-auth-errors.api.state-container,api_behavior,starlette/datastructures.py,State application/request state container,supported,starlette.datastructures.State;starlette.requests.Request.state;starlette.applications.Starlette.state,"Initialize application lifespan state, expose it through application/request state, then exercise attribute and mapping-style read, write, delete, iteration, and length operations.",state values; key iteration; length; missing-key and missing-attribute exception selectors; lifespan-to-request propagation,backlog,,,starlette/datastructures.py:664-704;starlette/applications.py:56-56;docs/requests.md:176-179;docs/lifespan.md:76-120;docs/release-notes.md:226-256
data-auth-errors.api.urlpath-absolute,api_behavior,starlette/datastructures.py,URLPath.make_absolute_url,supported,starlette.datastructures.URLPath.make_absolute_url;starlette.routing.Router.url_path_for,"Obtain named route paths for HTTP, WebSocket, and host-associated routes, then resolve each path against secure and insecure base URLs.",URLPath path/protocol/host; resulting scheme; authority; path; URL string,backlog,,,starlette/datastructures.py:175-202;starlette/routing.py:260-269;starlette/routing.py:342-351;starlette/routing.py:493-511;docs/release-notes.md:63;docs/release-notes.md:1421-1423
data-auth-errors.auth.custom-error,upstream_test,tests/test_authentication.py,test_custom_on_error,supported,starlette.authentication.AuthenticationError,Configure custom auth-error callback; issue valid and malformed Basic credential requests.,response status; content type; JSON keys; error text selector,backlog,,,tests/test_authentication.py::test_custom_on_error;docs/authentication.md:175-195
data-auth-errors.auth.invalid-decorator,upstream_test,tests/test_authentication.py,test_invalid_decorator_usage,supported,starlette.authentication.requires,Apply requires to a function accepting neither request nor websocket.,exception class; message; decorator-construction stage,backlog,,,tests/test_authentication.py::test_invalid_decorator_usage;starlette/authentication.py:25-42;docs/authentication.md:82-92
data-auth-errors.auth.redirect,upstream_test,tests/test_authentication.py,test_authentication_redirect,supported,starlette.authentication.requires,Access sync and async protected endpoints with named redirect target; request without and with credentials.,response status; redirect location and URL; next query value; body fields,backlog,,,tests/test_authentication.py::test_authentication_redirect;starlette/authentication.py:60-96;docs/authentication.md:105-159
data-auth-errors.auth.required-invalid-credentials,upstream_test,tests/test_authentication.py,test_authentication_required,supported,starlette.authentication.AuthenticationError,Send malformed Basic Authorization input to a protected HTTP endpoint.,response status/body; authentication-error handler selectors,backlog,,,tests/test_authentication.py::test_authentication_required;starlette/authentication.py:101-103;docs/authentication.md:20-36
data-auth-errors.auth.required-routes,upstream_test,tests/test_authentication.py,test_authentication_required,supported,starlette.authentication.requires,"Configure protected async, sync, class-based, and decorator-wrapped endpoints; issue requests with and without the required scope.",response status/body fields; route and endpoint form,backlog,,,tests/test_authentication.py::test_authentication_required;starlette/authentication.py:25-96;docs/authentication.md:80-120
data-auth-errors.auth.user-interface,upstream_test,tests/test_authentication.py,test_user_interface,supported,starlette.authentication.AuthenticationBackend;starlette.authentication.AuthCredentials;starlette.authentication.BaseUser;starlette.authentication.SimpleUser;starlette.authentication.UnauthenticatedUser,Mount an authentication backend on an HTTP route; issue requests without credentials and with valid Basic credentials.,response status; auth flag; display name; auth scopes,backlog,,,tests/test_authentication.py::test_user_interface;starlette/authentication.py:101-149;docs/authentication.md:1-78
data-auth-errors.auth.websocket-required,upstream_test,tests/test_authentication.py,test_websocket_authentication_required,supported,starlette.authentication.requires;starlette.authentication.AuthCredentials;starlette.authentication.SimpleUser,"Connect to plain and wrapped WebSocket routes without credentials, with malformed credentials, and with valid Basic credentials.",accept/close events; close code; user fields; JSON fields,backlog,,,tests/test_authentication.py::test_websocket_authentication_required;starlette/authentication.py:43-58;docs/authentication.md:118-120
data-auth-errors.config.boolean-casts,upstream_test,tests/test_config.py,test_config,supported,starlette.config.Config.__call__,Supply boolean-like text for truthy/falsy words and numeric forms plus an unsupported form; request bool and integer casts.,cast result type; error class/message selectors,backlog,,,tests/test_config.py::test_config;starlette/config.py:123-140
data-auth-errors.config.encoding,upstream_test,tests/test_config.py,test_config_with_encoding,supported,starlette.config.Config,Create an env file with non-ASCII text and read it with an explicit encoding.,decoded string; decoding exception selectors for incompatible encoding,backlog,,,tests/test_config.py::test_config_with_encoding;starlette/config.py:49-64;starlette/config.py:111-121;docs/config.md:123-133
data-auth-errors.config.environ,upstream_test,tests/test_config.py,test_environ,uncertain,starlette.config.environ;starlette.config.Environ;starlette.config.EnvironError,"Use a controlled process environment with unique keys and Environ() backed by its default os.environ mapping; set/delete keys before reads, then attempt writes/deletes after reads; iterate and obtain length.",mapping operations; iteration keys; length; exception class/message,backlog,,,tests/test_config.py::test_environ;starlette/config.py:14-44;docs/config.md:85-103
data-auth-errors.config.missing-file-warning,upstream_test,tests/test_config.py,test_missing_env_file_raises,supported,starlette.config.Config,Construct Config with a nonexistent env-file path while capturing warnings.,warning category/message/source location; Config state,backlog,,,tests/test_config.py::test_missing_env_file_raises;starlette/config.py:49-64
data-auth-errors.config.precedence-casts,upstream_test,tests/test_config.py,test_config,supported,starlette.config.Config;starlette.datastructures.Secret;starlette.datastructures.URL,"Provide an env file with multiple keys, comments, and blank lines plus an explicit environment mapping; request casts, defaults, and missing keys.",chosen source; parsed values; cast types; missing-key error; Secret repr/string/truth; URL components,backlog,,,tests/test_config.py::test_config;starlette/config.py:49-140;docs/config.md:7-59
data-auth-errors.config.prefix,upstream_test,tests/test_config.py,test_config_with_env_prefix,supported,starlette.config.Config,Construct Config with an environment mapping and prefix; request a prefixed key and an unprefixed-only key.,lookup result; missing-key exception/message,backlog,,,tests/test_config.py::test_config_with_env_prefix;starlette/config.py:49-109;docs/config.md:105-121
data-auth-errors.config.types-cast-errors,upstream_test,tests/test_config.py,test_config_types,supported,starlette.config.Config.__call__,Call Config with integer casts whose supplied/default values are not convertible.,exception class; cast name/value context selectors,backlog,,,tests/test_config.py::test_config_types;starlette/config.py:123-140
data-auth-errors.config.types-static,upstream_test,tests/test_config.py,test_config_types,supported,starlette.config.Config.__call__,,,not_applicable,,"`assert_type` checks static inferred types, not a public runtime observation; preserve it as a separate signature/type-check gate across the declared interpreter matrix.",tests/test_config.py::test_config_types;starlette/config.py:66-92;pyproject.toml:12-30
data-auth-errors.doc.auth.basic-backend,documentation,docs/authentication.md,Basic authentication backend and middleware,supported,starlette.authentication.AuthenticationBackend;starlette.authentication.AuthCredentials;starlette.authentication.AuthenticationError;starlette.authentication.SimpleUser,"Exercise backend inputs with absent, valid, wrong-scheme, malformed, and non-ASCII credentials; mount it on HTTP and access auth/user state.",backend inputs; credential scopes; exception path; response status/body; user state,backlog,,,docs/authentication.md:1-53
data-auth-errors.doc.auth.class-endpoint,documentation,docs/authentication.md,Class-based endpoints,supported,starlette.authentication.requires,Decorate an HTTP endpoint class method and issue requests with and without required credentials.,response status; method invocation; user/auth fields,backlog,,,docs/authentication.md:161-173
data-auth-errors.doc.auth.credentials,documentation,docs/authentication.md,AuthCredentials,supported,starlette.authentication.AuthCredentials.scopes,Construct credentials with absent and multiple scopes and expose them as connection auth state.,credential scope sequence; request.auth selector,backlog,,,docs/authentication.md:69-78
data-auth-errors.doc.auth.custom-error,documentation,docs/authentication.md,Custom authentication error responses,supported,starlette.authentication.AuthenticationError,Configure a custom authentication error callback; submit malformed credentials.,callback invocation; response status; content type; body keys,backlog,,,docs/authentication.md:175-195
data-auth-errors.doc.auth.custom-status,documentation,docs/authentication.md,Permissions: customized status code,supported,starlette.authentication.requires,Decorate an HTTP endpoint with a non-default denial status and request it without required scopes.,response status; headers/body; endpoint invocation,backlog,,,docs/authentication.md:105-120
data-auth-errors.doc.auth.redirect-next,documentation,docs/authentication.md,Permissions: redirect and next URL,supported,starlette.authentication.requires;starlette.responses.RedirectResponse,Decorate a route with a named redirect target; request protected URL without credentials and then access the redirect target with its continuation value.,response status; redirect location; next query selector; destination URL,backlog,,,docs/authentication.md:122-159
data-auth-errors.doc.auth.required-scopes,documentation,docs/authentication.md,Permissions: required scopes and default denial,supported,starlette.authentication.requires,"Decorate sync and async HTTP endpoints with one and multiple scopes; issue requests with no, partial, and complete credentials.",response status; endpoint invocation; response content selectors,backlog,,,docs/authentication.md:80-105
data-auth-errors.doc.auth.users,documentation,docs/authentication.md,Users,supported,starlette.authentication.BaseUser;starlette.authentication.SimpleUser;starlette.authentication.UnauthenticatedUser,Install authentication middleware and access built-in authenticated/unauthenticated users and a custom BaseUser.,authentication flag; display name; selected request user type,backlog,,,docs/authentication.md:55-67
data-auth-errors.doc.auth.websocket-denial,documentation,docs/authentication.md,Permissions: WebSocket denial status,supported,starlette.authentication.requires,Decorate WebSocket endpoint with custom denial status; connect without the required scope.,handshake status if exposed; accept/close events; close code,backlog,,,docs/authentication.md:118-120
data-auth-errors.doc.config.comma-separated,documentation,docs/config.md,CommaSeparatedStrings,supported,starlette.datastructures.CommaSeparatedStrings,"Cast a configuration string with quoted and unquoted comma-separated values; enumerate, index, and stringify it.",members; length; index; str/repr,backlog,,,docs/config.md:68-82;starlette/datastructures.py:225-250
data-auth-errors.doc.config.encoding,documentation,docs/config.md,Custom encoding for environment files,supported,starlette.config.Config,Create env files with non-ASCII values and set file encoding explicitly.,decoded value; decoding exception selectors for incompatible encoding,backlog,,,docs/config.md:123-133;starlette/config.py:49-64
data-auth-errors.doc.config.env-file,documentation,docs/config.md,Environment-file example and parsing,supported,starlette.config.Config,"Read an env file with comments, blank lines, embedded equals, and quoted or whitespace-padded values.",parsed keys/values; warning selector for absent file,backlog,,,docs/config.md:4-33;starlette/config.py:111-121
data-auth-errors.doc.config.environ,documentation,docs/config.md,Reading or modifying the environment,supported,starlette.config.environ,"Set/read/delete environment entries through environ, then attempt changes to keys already read by Config.",mapping state; mutation error; iteration/length; access order,backlog,,,docs/config.md:85-103;starlette/config.py:14-44
data-auth-errors.doc.config.full-example,documentation,docs/config.md,A full example,n/a,,,,not_applicable,,"The SQLAlchemy schema, database lifecycle, project layout, and client example compose already mapped Config/environment behavior but do not add an independent Config input/output contract.",docs/config.md:135-237
data-auth-errors.doc.config.precedence,documentation,docs/config.md,Configuration precedence,supported,starlette.config.Config,"Supply a key through environment, env file, and default; request an absent key with and without a default.",selected source; cast result; missing-key exception,backlog,,,docs/config.md:1-43
data-auth-errors.doc.config.prefix,documentation,docs/config.md,Reading prefixed environment variables,supported,starlette.config.Config,Construct Config with prefix and provide prefixed/unprefixed keys; request each logical lookup.,lookup value; missing-key exception/message,backlog,,,docs/config.md:105-121
data-auth-errors.doc.config.secret,documentation,docs/config.md,Secrets,supported,starlette.datastructures.Secret;starlette.middleware.sessions.SessionMiddleware.session-workflow.secret-key-wrapper,"Construct the public Secret wrapper from input, then pass it to SessionMiddleware and observe redacted repr, string conversion, truthiness, and signed-cookie behavior.",repr; string conversion; truth value; signed-cookie value,existing,tests/fixtures/sources/parity/session-middleware.yaml,,docs/config.md:45-59;starlette/datastructures.py:205-222;starlette/middleware/sessions.py:16-20
data-auth-errors.doc.exceptions.class-handler,documentation,docs/exceptions.md,Exception handlers by class,supported,starlette.exceptions.HTTPException,Register an HTTPException class handler and raise a handled HTTPException subclass from a routed endpoint.,handler selection; response status/body; async handler invocation,existing,tests/fixtures/sources/parity/asgi-exception-handlers.yaml,,docs/exceptions.md:38-51;docs/exceptions.md:89-100
data-auth-errors.doc.exceptions.debug,documentation,docs/exceptions.md,Debug traceback response,supported,starlette.asgi.server-error.debug-traceback,Construct a debug-enabled app with a custom status-500 handler and an unhandled RuntimeError route; request text/plain and HTML output through the input-declared Accept headers.,response status; content type; stable traceback projection; debug response format; configured handler call trace,existing,tests/fixtures/sources/parity/asgi-server-errors.yaml,,"docs/exceptions.md:31-36;starlette/applications.py:63-83;starlette/middleware/errors.py:149-187,224-259"
data-auth-errors.doc.exceptions.handled-vs-error,documentation,docs/exceptions.md,Errors and handled exceptions,supported,starlette.exceptions.HTTPException;starlette.middleware.errors.ServerErrorMiddleware,"Exercise HTTPException and unrelated application errors before/after response start, including a background-task error.",classification; middleware traversal; response-start state; client response; bubbled exception,backlog,,,docs/exceptions.md:76-114
data-auth-errors.doc.exceptions.headers,documentation,docs/exceptions.md,HTTPException headers,supported,starlette.exceptions.HTTPException.headers,Raise HTTPException with headers and configure handler to pass them into a response.,exception mapping; response headers; status/body,backlog,,,docs/exceptions.md:53-63
data-auth-errors.doc.exceptions.http-contract,documentation,docs/exceptions.md,HTTPException contract,supported,starlette.asgi.http-exception.default-406-detail;starlette.asgi.http-exception.explicit-detail;starlette.asgi.http-exception.no-content-204;starlette.asgi.http-exception.not-modified-304;starlette.asgi.http-exception.headers-200,"Raise HTTPException from matched HTTP endpoints with status-only/default detail, explicit detail, no-content/not-modified statuses, and supplied headers.",HTTP response-start/body events; status; header pairs; body bytes,existing,tests/fixtures/sources/parity/asgi-http-exceptions.yaml,,docs/exceptions.md:116-141;starlette/exceptions.py:7-20
data-auth-errors.doc.exceptions.status-handlers,documentation,docs/exceptions.md,Custom status-code exception handlers,supported,starlette.exceptions.HTTPException,"Configure integer status-key and HTTPException class handlers, then POST to a GET-only route and observe status-handler precedence.",handler key; response status/body/headers; async handler invocation,existing,tests/fixtures/sources/parity/asgi-exception-handlers.yaml,,docs/exceptions.md:2-29
data-auth-errors.doc.exceptions.websocket-contract,documentation,docs/exceptions.md,WebSocketException contract,supported,starlette.exceptions.WebSocketException,Construct WebSocketException with omitted and supplied reasons and raise in a WebSocket endpoint.,code/reason; string form; close/handshake events,backlog,,,docs/exceptions.md:143-149;starlette/exceptions.py:23-33
data-auth-errors.doc.exceptions.websocket-handler,documentation,docs/exceptions.md,WebSocketException handling,supported,starlette.exceptions.WebSocketException,Register a WebSocketException handler and raise from a WebSocket endpoint with code/reason inputs.,handler invocation; close event; code/reason selectors,backlog,,,docs/exceptions.md:65-74;docs/exceptions.md:143-149
data-auth-errors.ds.authority_in_path_matrix,upstream_test,tests/test_datastructures.py,test_url_from_scope_with_authority_in_path,supported,starlette.datastructures.URL.authority-in-path-containment,"Cross path inputs `@google.com`, `user:pass@google.com`, `//google.com/x`, and `http://google.com/x` with Host-header-present and server-fallback cases.",URL hostname; path; query,existing,tests/fixtures/sources/parity/url-scope.yaml,,tests/test_datastructures.py::test_url_from_scope_with_authority_in_path;starlette/datastructures.py:24-62
data-auth-errors.ds.invalid_host_matrix,upstream_test,tests/test_datastructures.py,test_url_from_scope_with_invalid_host,supported,starlette.datastructures.URL.invalid-host-fallback,"For Host bytes b""foo/?x="", b""foo/#"", b""foo/bar"", b""user@foo"", b""foo\\bar"", and b""foo bar"", include a valid server tuple fallback.",URL path; authority,existing,tests/fixtures/sources/parity/url-scope.yaml,,tests/test_datastructures.py::test_url_from_scope_with_invalid_host;starlette/datastructures.py:24-25;starlette/datastructures.py:43-62
data-auth-errors.ds.test_csv,upstream_test,tests/test_datastructures.py,test_csv,supported,starlette.datastructures.CommaSeparatedStrings,"Construct from double-quoted, single-quoted, and unquoted strings and from a sequence.",iteration; length; index; str; repr,backlog,,,tests/test_datastructures.py::test_csv;starlette/datastructures.py:225-250;docs/config.md:68-82
data-auth-errors.ds.test_formdata,upstream_test,tests/test_datastructures.py,test_formdata,supported,starlette.datastructures.FormData,"Construct FormData from repeated text fields and an UploadFile, then from a mapping, pair sequence, and existing FormData.",membership/lookup; duplicate list; mapping views; length; equality; repr,backlog,,,tests/test_datastructures.py::test_formdata;starlette/datastructures.py:482-498;docs/requests.md:135-162
data-auth-errors.ds.test_headers,upstream_test,tests/test_datastructures.py,test_headers,supported,starlette.datastructures.Headers.constructor.raw;starlette.datastructures.Headers.constructor.mapping;starlette.datastructures.Headers.case-insensitive-lookup;starlette.datastructures.Headers.duplicate-order-getlist-and-mapping-views;starlette.datastructures.Headers.equality-order-and-type;starlette.datastructures.Headers.representation,"Construct duplicate raw byte headers, a reordered equivalent raw sequence, and a text mapping; probe case-varied lookup, duplicate values, mapping views, equality, raw access, dict conversion, and repr.",action-trace;instance-snapshots,existing,tests/fixtures/sources/parity/datastructures-headers.yaml,,tests/test_datastructures.py::test_headers;starlette/datastructures.py:500-574;docs/requests.md:43-47;docs/middleware.md:698-750
data-auth-errors.ds.test_headers_mutablecopy,upstream_test,tests/test_datastructures.py,test_headers_mutablecopy,supported,starlette.datastructures.Headers.constructor.raw;starlette.datastructures.Headers.mutablecopy-independent-duplicate-preserving-copy,"Copy duplicate raw headers, replace one key on the copy, and observe both instances.",action-trace;instance-snapshots,existing,tests/fixtures/sources/parity/datastructures-headers.yaml,,tests/test_datastructures.py::test_headers_mutablecopy;starlette/datastructures.py:541-542;docs/middleware.md:613-626
data-auth-errors.ds.test_hidden_password,upstream_test,tests/test_datastructures.py,test_hidden_password,supported,starlette.datastructures.URL.component-construction;starlette.datastructures.URL.password-redaction,"Construct URLs without credentials, with username only, and with username plus password; observe URL records.",url-record,existing,tests/fixtures/sources/parity/url-components.yaml,,tests/test_datastructures.py::test_hidden_password;starlette/datastructures.py:168-172;docs/requests.md:34-41
data-auth-errors.ds.test_multidict,upstream_test,tests/test_datastructures.py,test_multidict,uncertain,starlette.datastructures.MultiDict,"Construct repeated-key MultiDict; exercise mapping reads, duplicate access, mutation, deletion, pop variants, clear, setlist, setdefault, append, and update inputs.",mapping views; duplicate order; mutator effects; equality; repr; exceptions,backlog,,,tests/test_datastructures.py::test_multidict;starlette/datastructures.py:253-375;docs/release-notes.md:1157-1158
data-auth-errors.ds.test_mutable_headers,upstream_test,tests/test_datastructures.py,test_mutable_headers,supported,starlette.datastructures.MutableHeaders.constructor;starlette.datastructures.MutableHeaders.set-replaces-and-collapses-duplicates-in-place;starlette.datastructures.MutableHeaders.setdefault-preserves-existing-and-appends-new;starlette.datastructures.MutableHeaders.delete-removes-all-matches;starlette.datastructures.MutableHeaders.update-uses-set-semantics;starlette.datastructures.MutableHeaders.append-preserves-duplicates-and-order,"Construct from duplicate raw headers; call case-varied set, setdefault, delete, mapping update, and append operations in order.",action-trace;instance-snapshots,existing,tests/fixtures/sources/parity/datastructures-headers.yaml,,tests/test_datastructures.py::test_mutable_headers;starlette/datastructures.py:577-655;docs/middleware.md:610-632
data-auth-errors.ds.test_mutable_headers_merge,upstream_test,tests/test_datastructures.py,test_mutable_headers_merge,supported,starlette.datastructures.MutableHeaders.union.mapping-and-header-operands,"Union two MutableHeaders instances and observe the result instance.",action-trace;instance-snapshots,existing,tests/fixtures/sources/parity/datastructures-headers.yaml,,tests/test_datastructures.py::test_mutable_headers_merge;starlette/datastructures.py:614-625;docs/release-notes.md:898-898
data-auth-errors.ds.test_mutable_headers_merge_dict,upstream_test,tests/test_datastructures.py,test_mutable_headers_merge_dict,supported,starlette.datastructures.MutableHeaders.union.mapping-and-header-operands,"Union MutableHeaders with a string mapping and observe the result instance.",action-trace;instance-snapshots,existing,tests/fixtures/sources/parity/datastructures-headers.yaml,,tests/test_datastructures.py::test_mutable_headers_merge_dict;starlette/datastructures.py:620-625;docs/release-notes.md:898-898
data-auth-errors.ds.test_mutable_headers_non_mapping,upstream_test,tests/test_datastructures.py,test_mutable_headers_merge_not_mapping,supported,starlette.datastructures.MutableHeaders.union-and-inplace-union-nonmapping-error,"Attempt ordinary and in-place union with a set instead of a mapping.",action-trace;instance-snapshots,existing,tests/fixtures/sources/parity/datastructures-headers.yaml,,tests/test_datastructures.py::test_mutable_headers_merge_not_mapping;starlette/datastructures.py:614-625;docs/release-notes.md:898-898
data-auth-errors.ds.test_mutable_headers_scope,upstream_test,tests/test_datastructures.py,test_mutable_headers_from_scope,supported,starlette.datastructures.MutableHeaders.constructor.scope-list-coercion;starlette.datastructures.MutableHeaders.scope-aliasing;starlette.datastructures.MutableHeaders.append-preserves-duplicates-and-order,"Construct over a scope tuple, then update and append headers; observe the converted container and shared scope-backed values.",action-trace;instance-snapshots;scope-snapshots,existing,tests/fixtures/sources/parity/datastructures-headers.yaml,,tests/test_datastructures.py::test_mutable_headers_from_scope;starlette/datastructures.py:519-523;docs/middleware.md:610-632
data-auth-errors.ds.test_mutable_headers_update,upstream_test,tests/test_datastructures.py,test_mutable_headers_update,supported,starlette.datastructures.MutableHeaders.inplace-union.mapping-and-header-operands,"Apply in-place union from another MutableHeaders instance.",action-trace;instance-snapshots,existing,tests/fixtures/sources/parity/datastructures-headers.yaml,,tests/test_datastructures.py::test_mutable_headers_update;starlette/datastructures.py:614-618;docs/release-notes.md:898-898
data-auth-errors.ds.test_mutable_headers_update_dict,upstream_test,tests/test_datastructures.py,test_mutable_headers_update_dict,supported,starlette.datastructures.MutableHeaders.inplace-union.mapping-and-header-operands,"Apply in-place union from a string mapping.",action-trace;instance-snapshots,existing,tests/fixtures/sources/parity/datastructures-headers.yaml,,tests/test_datastructures.py::test_mutable_headers_update_dict;starlette/datastructures.py:614-618;docs/release-notes.md:898-898
data-auth-errors.ds.test_queryparams,upstream_test,tests/test_datastructures.py,test_queryparams,supported,starlette.datastructures.QueryParams,"Construct query parameters from repeated-key string, mapping, pair sequence, existing QueryParams, and empty input; compare equivalent and unequal forms.",lookup/default; duplicate list; mapping views; length; dict conversion; string/repr; equality,backlog,,,tests/test_datastructures.py::test_queryparams;starlette/datastructures.py:378-407;docs/middleware.md:493-493;docs/requests.md:49-53
data-auth-errors.ds.test_upload_file_input,upstream_test,tests/test_datastructures.py,test_upload_file_file_input,supported,starlette.datastructures.UploadFile,"Construct UploadFile over an in-memory byte stream with an initial size; read, append bytes, seek, and read again.",read bytes; file position; size; metadata,backlog,,,tests/test_datastructures.py::test_upload_file_file_input;starlette/datastructures.py:410-479;docs/requests.md:138-154
data-auth-errors.ds.test_upload_file_repr,upstream_test,tests/test_datastructures.py,test_upload_file_repr,supported,starlette.datastructures.UploadFile.__repr__,"Construct UploadFile with filename, in-memory file, explicit size, and default headers; request repr().",representation; size; headers,backlog,,,tests/test_datastructures.py::test_upload_file_repr;starlette/datastructures.py:415-479;docs/release-notes.md:650-650
data-auth-errors.ds.test_upload_file_repr_headers,upstream_test,tests/test_datastructures.py,test_upload_file_repr_headers,supported,starlette.datastructures.UploadFile.__repr__,Construct UploadFile with explicit headers and no size; request repr().,representation; size; selected header values,backlog,,,tests/test_datastructures.py::test_upload_file_repr_headers;starlette/datastructures.py:415-479;docs/requests.md:138-144
data-auth-errors.ds.test_upload_file_without_size,upstream_test,tests/test_datastructures.py,test_upload_file_without_size,supported,starlette.datastructures.UploadFile,"Construct UploadFile over an in-memory stream without a size; read, append, seek, and reread.",read bytes; size presence; file position,backlog,,,tests/test_datastructures.py::test_upload_file_without_size;starlette/datastructures.py:410-479;docs/requests.md:138-154
data-auth-errors.ds.test_uploadfile_rolling,upstream_test,tests/test_datastructures.py,test_uploadfile_rolling,supported,starlette.datastructures.UploadFile,"Use SpooledTemporaryFile thresholds 1 byte (`rolled`) and 1024 bytes (`unrolled`); read, append, seek, reread, and close.",rollover state; read/write/seek; size; close; I/O error selectors,backlog,,,tests/test_datastructures.py::test_uploadfile_rolling;starlette/datastructures.py:428-476;docs/requests.md:142-154
data-auth-errors.ds.test_url,upstream_test,tests/test_datastructures.py,test_url,supported,starlette.datastructures.URL.component-construction;starlette.datastructures.URL.component-access;starlette.datastructures.URL.component-replacement,"Construct absolute, IPv6, credentialed, and relative URLs; inspect URL records and replace scheme, host, port, username, and password. The upstream URL equality assertions are not exercised by this input.",url-record;action-results,existing,tests/fixtures/sources/parity/url-components.yaml,,tests/test_datastructures.py::test_url;starlette/datastructures.py:28-172;docs/requests.md:34-41
data-auth-errors.ds.test_url_blank_params,upstream_test,tests/test_datastructures.py,test_url_blank_params,supported,starlette.datastructures.QueryParams,Parse valued query keys and keys with no equals/value delimiter.,membership; selected value/length; key iteration order,backlog,,,tests/test_datastructures.py::test_url_blank_params;starlette/datastructures.py:378-407;docs/requests.md:49-53
data-auth-errors.ds.test_url_from_scope,upstream_test,tests/test_datastructures.py,test_url_from_scope,supported,starlette.datastructures.URL.scope-construction,"Construct URLs from scopes with absent/present scheme, server, query, default/explicit secure port, and Host header.",URL string; repr; scheme; authority; path; query,existing,tests/fixtures/sources/parity/url-scope.yaml,,tests/test_datastructures.py::test_url_from_scope;starlette/datastructures.py:28-67
data-auth-errors.ds.test_url_query_params,upstream_test,tests/test_datastructures.py,test_url_query_params,supported,starlette.datastructures.URL.include_query_params;starlette.datastructures.URL.replace_query_params;starlette.datastructures.URL.remove_query_params,"Update query values, including repeated and blank values, scalar and sequence key removal, and multiple keyword values.",query component; URL string; preserved non-query components,backlog,,,tests/test_datastructures.py::test_url_query_params;starlette/datastructures.py:143-160;docs/release-notes.md:1098-1100
data-auth-errors.exc.force-500,upstream_test,tests/test_exceptions.py,test_force_500_response,supported,starlette.middleware.errors.ServerErrorMiddleware,Use a minimal ASGI application that records invocation and raises RuntimeError; configure client to retain a server-error response.,app invocation; response status/body/headers,backlog,,,tests/test_exceptions.py::test_force_500_response;docs/exceptions.md:78-105
data-auth-errors.exc.handled-after-start,upstream_test,tests/test_exceptions.py,test_handled_exc_after_response,supported,starlette.routing.asgi-callable-http-exception-after-start,Send a complete 200 response from a callable Route endpoint and then raise HTTPException(406).,RuntimeError class/message; direct HTTPException cause and public attributes; suppress_context; partial ASGI events,existing,tests/fixtures/sources/parity/asgi-callable-http-exceptions.yaml,,tests/test_exceptions.py::test_handled_exc_after_response;starlette/routing.py:215-225;starlette/_exception_handler.py:31-56;docs/exceptions.md:102-114
data-auth-errors.exc.handler-registration,upstream_test,tests/test_exceptions.py,test_handlers_annotations,supported,starlette.exceptions.HTTPException,Register synchronous and asynchronous catch-all handlers on ExceptionMiddleware.,handler registry construction; exception key; callable classification,backlog,,,tests/test_exceptions.py::test_handlers_annotations;starlette/middleware/exceptions.py:19-34
data-auth-errors.exc.handler-static-annotations,upstream_test,tests/test_exceptions.py,test_handlers_annotations,supported,starlette.exceptions.HTTPException,,,not_applicable,,"Handler annotation variance is a static type-check contract, not a public runtime observation; retain a separate typing/signature gate.",tests/test_exceptions.py::test_handlers_annotations;starlette/middleware/exceptions.py:19-34
data-auth-errors.exc.http-repr,upstream_test,tests/test_exceptions.py,test_http_repr,uncertain,starlette.exceptions.HTTPException.__repr__,Construct base and subclass HTTPException values with default and supplied detail; request repr().,representation; dynamic class name; status/detail selectors,backlog,,,tests/test_exceptions.py::test_http_repr;starlette/exceptions.py:18-20
data-auth-errors.exc.http-str,upstream_test,tests/test_exceptions.py,test_http_str,supported,starlette.exceptions.HTTPException.__str__,"Construct HTTPException with status only, supplied detail, and headers; request str().",string form; status; detail,backlog,,,tests/test_exceptions.py::test_http_str;starlette/exceptions.py:7-16;docs/release-notes.md:721-721
data-auth-errors.exc.no-content,upstream_test,tests/test_exceptions.py,test_no_content,supported,starlette.asgi.http-exception.no-content-204,Raise HTTPException with status 204 from an HTTP endpoint.,response status; content-length presence; body/event selectors,existing,tests/fixtures/sources/parity/asgi-http-exceptions.yaml,,tests/test_exceptions.py::test_no_content;starlette/exceptions.py:7-13;docs/exceptions.md:116-124
data-auth-errors.exc.not-acceptable,upstream_test,tests/test_exceptions.py,test_not_acceptable,supported,starlette.asgi.http-exception.default-406-detail,Raise HTTPException with status 406 from an HTTP endpoint and request it.,response status; headers; body bytes/text,existing,tests/fixtures/sources/parity/asgi-http-exceptions.yaml,,tests/test_exceptions.py::test_not_acceptable;starlette/exceptions.py:7-20;docs/exceptions.md:116-124
data-auth-errors.exc.not-modified,upstream_test,tests/test_exceptions.py,test_not_modified,supported,starlette.asgi.http-exception.not-modified-304,Raise HTTPException with status 304 from an HTTP endpoint.,response status; body; selected headers,existing,tests/fixtures/sources/parity/asgi-http-exceptions.yaml,,tests/test_exceptions.py::test_not_modified;starlette/exceptions.py:7-13;docs/exceptions.md:116-124
data-auth-errors.exc.private-threadpool-assertion,upstream_test,tests/test_exceptions.py,test_http_exception_does_not_use_threadpool,n/a,starlette.exceptions.HTTPException,,,not_applicable,,This test monkeypatches private `starlette._exception_handler.run_in_threadpool` to assert a Python scheduling choice not observable through public consumer interfaces; the visible 406 response is covered separately.,tests/test_exceptions.py::test_http_exception_does_not_use_threadpool;starlette/_exception_handler.py:1-50
data-auth-errors.exc.request-body-reuse,upstream_test,tests/test_exceptions.py,test_request_in_app_and_handler_is_the_same_object,supported,starlette.exceptions.HTTPException;starlette.requests.Request.body,POST a body to an endpoint that consumes it and raises a handled subclass; the handler then reads the body.,response status; ordered headers; response bytes/JSON fields; ASGI event order,existing,tests/fixtures/sources/parity/asgi-exception-handlers.yaml,,tests/test_exceptions.py::test_request_in_app_and_handler_is_the_same_object;starlette/exceptions.py:7-13;docs/exceptions.md:38-63
data-auth-errors.exc.websocket-repr,upstream_test,tests/test_exceptions.py,test_websocket_repr,uncertain,starlette.exceptions.WebSocketException.__repr__,Construct base and subclass WebSocketException values with supplied reasons; request repr().,representation; dynamic class name; code/reason,backlog,,,tests/test_exceptions.py::test_websocket_repr;starlette/exceptions.py:31-33
data-auth-errors.exc.websocket-str,upstream_test,tests/test_exceptions.py,test_websocket_str,supported,starlette.exceptions.WebSocketException.__str__,Construct WebSocketException with omitted and supplied reason values; request str().,string form; code; reason,backlog,,,tests/test_exceptions.py::test_websocket_str;starlette/exceptions.py:23-29;docs/release-notes.md:721-721
data-auth-errors.exc.websocket-unhandled-error,upstream_test,tests/test_exceptions.py,test_websockets_should_raise,supported,starlette.middleware.exceptions.ExceptionMiddleware,Raise unhandled RuntimeError during a WebSocket endpoint and connect with a client.,server exception class/message; WebSocket event sequence; disconnect/close,backlog,,,tests/test_exceptions.py::test_websockets_should_raise;docs/exceptions.md:78-90
data-auth-errors.exc.with-headers,upstream_test,tests/test_exceptions.py,test_with_headers,supported,starlette.asgi.http-exception.headers-200,Raise HTTPException with an explicit header mapping from an HTTP endpoint.,response status; selected header; body,existing,tests/fixtures/sources/parity/asgi-http-exceptions.yaml,,tests/test_exceptions.py::test_with_headers;starlette/exceptions.py:7-13;docs/exceptions.md:53-63
data-auth-errors.status.alias-lifecycle,deprecation,starlette/status.py,deprecated alias lifecycle,supported,starlette.status.HTTP_413_REQUEST_ENTITY_TOO_LARGE;starlette.status.HTTP_414_REQUEST_URI_TOO_LONG;starlette.status.HTTP_416_REQUESTED_RANGE_NOT_SATISFIABLE;starlette.status.HTTP_422_UNPROCESSABLE_ENTITY,Inspect each legacy status name through module directory and attribute lookup alongside its canonical name.,alias discoverability; attribute presence; resolved-value selector; lifecycle metadata,backlog,,,starlette/status.py:182-211;tests/test_status.py::test_deprecated_types
data-auth-errors.status.alias-warning-metadata,deprecation,starlette/status.py,deprecated alias warning metadata,uncertain,starlette.status.HTTP_413_REQUEST_ENTITY_TOO_LARGE;starlette.status.HTTP_414_REQUEST_URI_TOO_LONG;starlette.status.HTTP_416_REQUESTED_RANGE_NOT_SATISFIABLE;starlette.status.HTTP_422_UNPROCESSABLE_ENTITY;starlette.exceptions.StarletteDeprecationWarning,Access each legacy alias at a stable helper call site while capturing its warning record.,warning count/category/message; warning filename/line; caller frame selected by stacklevel,backlog,,,starlette/status.py:190-205;starlette/exceptions.py:36-43;tests/test_status.py::test_deprecated_types
data-auth-errors.status.deprecated-tested,upstream_test,tests/test_status.py,test_deprecated_types,supported,starlette.status.HTTP_413_REQUEST_ENTITY_TOO_LARGE;starlette.status.HTTP_414_REQUEST_URI_TOO_LONG,Resolve legacy 413 and 414 names through status module lookup while recording warnings.,warning count/category/message; caller location; resolved numeric value,backlog,,,tests/test_status.py::test_deprecated_types;starlette/status.py:182-207
data-auth-errors.status.exported-constants,api_behavior,starlette/status.py,__all__,supported,starlette.status.HTTP_*;starlette.status.WS_*,Resolve names selected from the pinned module export list.,exported name set; resolved values; import/attribute error selectors,backlog,,,starlette/status.py:15-94;starlette/status.py:96-180
data-auth-errors.status.unknown-name,upstream_test,tests/test_status.py,test_unknown_status,supported,starlette.status.__getattr__,Resolve the unknown name `HTTP_999_UNKNOWN_STATUS_CODE` through status module attribute lookup.,exception class/message; queried name,backlog,,,tests/test_status.py::test_unknown_status;starlette/status.py:190-207
data-auth-errors.testsupport.client-factory,test_support,tests/conftest.py,test_client_factory,n/a,test_support.TestClientFactory,Apply the shared TestClient factory with each AnyIO backend and both server-exception propagation modes as dependent-test harness settings.,AnyIO backend; client settings; exception propagation mode,not_applicable,,"The helper supplies backend/options to downstream HTTP and WebSocket workloads; public request and exception behaviors are captured in those rows, so the harness has no independent parity input.",tests/conftest.py:12-23;tests/types.py:12-27
