catalog_row,record_type,qualified_name,signature_or_value,constructor_signature,source,line,documentation_evidence,audit_status,api_disposition,evidence_refs,rationale
31,documented-import,starlette.applications.Starlette,,,docs/schemas.md,13,explicit Python import in upstream docs,confirmed documented import path,supported,docs/schemas.md:13,The pinned user guide explicitly imports this starlette.* path in a usage example; that documentation establishes the consumer-facing spelling.
33,documented-import,starlette.applications.Starlette,,,docs/staticfiles.md,18,explicit Python import in upstream docs,confirmed documented import path,supported,docs/staticfiles.md:18,The pinned user guide explicitly imports this starlette.* path in a usage example; that documentation establishes the consumer-facing spelling.
34,documented-import,starlette.applications.Starlette,,,docs/templates.md,17,explicit Python import in upstream docs,confirmed documented import path,supported,docs/templates.md:17,The pinned user guide explicitly imports this starlette.* path in a usage example; that documentation establishes the consumer-facing spelling.
35,documented-import,starlette.applications.Starlette,,,docs/testclient.md,250,explicit Python import in upstream docs,confirmed documented import path,supported,docs/testclient.md:250,The pinned user guide explicitly imports this starlette.* path in a usage example; that documentation establishes the consumer-facing spelling.
293,source-reexport-candidate,starlette.formparsers.FormData,from starlette.datastructures import FormData,,starlette/formparsers.py,10,source import only,candidate only; importability is not public-status evidence,uncertain,starlette/formparsers.py:10,The name is imported into this module but the assigned guides and root exports do not establish this module-qualified spelling as public; importability alone is insufficient evidence.
294,class,starlette.formparsers.FormMessage,class FormMessage(Enum):,inherited or object default; verify,starlette/formparsers.py,28,module source only; symbol not matched in docs scan,public-name candidate; not reviewed,private/internal,starlette/formparsers.py:28;starlette/requests.py:15,"This is parser state, callback machinery, or an implementation dependency consumed by Request.form; no guide or root export establishes an independently supported import path."
295,class,starlette.formparsers.FormParser,class FormParser:,"def __init__(self, headers: Headers, stream: AsyncGenerator[bytes, None], *, max_fields: int | float=1000, max_part_size: int=1024 * 1024) -> None:",starlette/formparsers.py,57,module source only; symbol not matched in docs scan,public-name candidate; not reviewed,uncertain,starlette/formparsers.py:57;tests/test_testclient.py:89,The source exposes this candidate but the guide documents the TestClient interface without naming this lifecycle helper; keep public status unresolved.
296,constructor,starlette.formparsers.FormParser.__init__,"def __init__(self, headers: Headers, stream: AsyncGenerator[bytes, None], *, max_fields: int | float=1000, max_part_size: int=1024 * 1024) -> None:",,starlette/formparsers.py,58,class source only; method not matched in docs scan,method candidate; not reviewed,uncertain,starlette/formparsers.py:58;tests/test_testclient.py:89,The source exposes this candidate but the guide documents the TestClient interface without naming this lifecycle helper; keep public status unresolved.
297,public-method,starlette.formparsers.FormParser.on_end,def on_end(self) -> None:,,starlette/formparsers.py,101,class source only; method not matched in docs scan,method candidate; not reviewed,uncertain,starlette/formparsers.py:101;tests/test_testclient.py:89,The source exposes this candidate but the guide documents the TestClient interface without naming this lifecycle helper; keep public status unresolved.
298,public-method,starlette.formparsers.FormParser.on_field_data,"def on_field_data(self, data: bytes, start: int, end: int) -> None:",,starlette/formparsers.py,87,class source only; method not matched in docs scan,method candidate; not reviewed,uncertain,starlette/formparsers.py:87;tests/test_testclient.py:89,The source exposes this candidate but the guide documents the TestClient interface without naming this lifecycle helper; keep public status unresolved.
299,public-method,starlette.formparsers.FormParser.on_field_end,def on_field_end(self) -> None:,,starlette/formparsers.py,94,class source only; method not matched in docs scan,method candidate; not reviewed,uncertain,starlette/formparsers.py:94;tests/test_testclient.py:89,The source exposes this candidate but the guide documents the TestClient interface without naming this lifecycle helper; keep public status unresolved.
300,public-method,starlette.formparsers.FormParser.on_field_name,"def on_field_name(self, data: bytes, start: int, end: int) -> None:",,starlette/formparsers.py,80,class source only; method not matched in docs scan,method candidate; not reviewed,uncertain,starlette/formparsers.py:80;tests/test_testclient.py:89,The source exposes this candidate but the guide documents the TestClient interface without naming this lifecycle helper; keep public status unresolved.
301,public-method,starlette.formparsers.FormParser.on_field_start,def on_field_start(self) -> None:,,starlette/formparsers.py,75,class source only; method not matched in docs scan,method candidate; not reviewed,uncertain,starlette/formparsers.py:75;tests/test_testclient.py:89,The source exposes this candidate but the guide documents the TestClient interface without naming this lifecycle helper; keep public status unresolved.
302,public-method,starlette.formparsers.FormParser.parse,async def parse(self) -> FormData:,,starlette/formparsers.py,105,class source only; method not matched in docs scan,method candidate; not reviewed,uncertain,starlette/formparsers.py:105;tests/test_testclient.py:89,The source exposes this candidate but the guide documents the TestClient interface without naming this lifecycle helper; keep public status unresolved.
303,source-reexport-candidate,starlette.formparsers.Headers,from starlette.datastructures import Headers,,starlette/formparsers.py,10,source import only,candidate only; importability is not public-status evidence,uncertain,starlette/formparsers.py:10,The name is imported into this module but the assigned guides and root exports do not establish this module-qualified spelling as public; importability alone is insufficient evidence.
304,class,starlette.formparsers.MultiPartException,class MultiPartException(Exception):,"def __init__(self, message: str) -> None:",starlette/formparsers.py,52,module source only; symbol not matched in docs scan,public-name candidate; not reviewed,uncertain,starlette/formparsers.py:52;tests/test_testclient.py:89,The source exposes this candidate but the guide documents the TestClient interface without naming this lifecycle helper; keep public status unresolved.
305,constructor,starlette.formparsers.MultiPartException.__init__,"def __init__(self, message: str) -> None:",,starlette/formparsers.py,53,class source only; method not matched in docs scan,method candidate; not reviewed,uncertain,starlette/formparsers.py:53;tests/test_testclient.py:89,The source exposes this candidate but the guide documents the TestClient interface without naming this lifecycle helper; keep public status unresolved.
306,class,starlette.formparsers.MultiPartParser,class MultiPartParser:,"def __init__(self, headers: Headers, stream: AsyncGenerator[bytes, None], *, max_files: int | float=1000, max_fields: int | float=1000, max_part_size: int=1024 * 1024) -> None:",starlette/formparsers.py,146,module source only; symbol not matched in docs scan,public-name candidate; not reviewed,uncertain,starlette/formparsers.py:146;tests/test_testclient.py:89,The source exposes this candidate but the guide documents the TestClient interface without naming this lifecycle helper; keep public status unresolved.
307,constructor,starlette.formparsers.MultiPartParser.__init__,"def __init__(self, headers: Headers, stream: AsyncGenerator[bytes, None], *, max_files: int | float=1000, max_fields: int | float=1000, max_part_size: int=1024 * 1024) -> None:",,starlette/formparsers.py,152,class source only; method not matched in docs scan,method candidate; not reviewed,uncertain,starlette/formparsers.py:152;tests/test_testclient.py:89,The source exposes this candidate but the guide documents the TestClient interface without naming this lifecycle helper; keep public status unresolved.
308,public-method,starlette.formparsers.MultiPartParser.on_end,def on_end(self) -> None:,,starlette/formparsers.py,244,class source only; method not matched in docs scan,method candidate; not reviewed,uncertain,starlette/formparsers.py:244;tests/test_testclient.py:89,The source exposes this candidate but the guide documents the TestClient interface without naming this lifecycle helper; keep public status unresolved.
309,public-method,starlette.formparsers.MultiPartParser.on_header_end,def on_header_end(self) -> None:,,starlette/formparsers.py,211,class source only; method not matched in docs scan,method candidate; not reviewed,uncertain,starlette/formparsers.py:211;tests/test_testclient.py:89,The source exposes this candidate but the guide documents the TestClient interface without naming this lifecycle helper; keep public status unresolved.
310,public-method,starlette.formparsers.MultiPartParser.on_header_field,"def on_header_field(self, data: bytes, start: int, end: int) -> None:",,starlette/formparsers.py,205,class source only; method not matched in docs scan,method candidate; not reviewed,uncertain,starlette/formparsers.py:205;tests/test_testclient.py:89,The source exposes this candidate but the guide documents the TestClient interface without naming this lifecycle helper; keep public status unresolved.
311,public-method,starlette.formparsers.MultiPartParser.on_header_value,"def on_header_value(self, data: bytes, start: int, end: int) -> None:",,starlette/formparsers.py,208,class source only; method not matched in docs scan,method candidate; not reviewed,uncertain,starlette/formparsers.py:208;tests/test_testclient.py:89,The source exposes this candidate but the guide documents the TestClient interface without naming this lifecycle helper; keep public status unresolved.
312,public-method,starlette.formparsers.MultiPartParser.on_headers_finished,def on_headers_finished(self) -> None:,,starlette/formparsers.py,219,class source only; method not matched in docs scan,method candidate; not reviewed,uncertain,starlette/formparsers.py:219;tests/test_testclient.py:89,The source exposes this candidate but the guide documents the TestClient interface without naming this lifecycle helper; keep public status unresolved.
313,public-method,starlette.formparsers.MultiPartParser.on_part_begin,def on_part_begin(self) -> None:,,starlette/formparsers.py,178,class source only; method not matched in docs scan,method candidate; not reviewed,uncertain,starlette/formparsers.py:178;tests/test_testclient.py:89,The source exposes this candidate but the guide documents the TestClient interface without naming this lifecycle helper; keep public status unresolved.
314,public-method,starlette.formparsers.MultiPartParser.on_part_data,"def on_part_data(self, data: bytes, start: int, end: int) -> None:",,starlette/formparsers.py,181,class source only; method not matched in docs scan,method candidate; not reviewed,uncertain,starlette/formparsers.py:181;tests/test_testclient.py:89,The source exposes this candidate but the guide documents the TestClient interface without naming this lifecycle helper; keep public status unresolved.
315,public-method,starlette.formparsers.MultiPartParser.on_part_end,def on_part_end(self) -> None:,,starlette/formparsers.py,190,class source only; method not matched in docs scan,method candidate; not reviewed,uncertain,starlette/formparsers.py:190;tests/test_testclient.py:89,The source exposes this candidate but the guide documents the TestClient interface without naming this lifecycle helper; keep public status unresolved.
316,public-method,starlette.formparsers.MultiPartParser.parse,async def parse(self) -> FormData:,,starlette/formparsers.py,247,class source only; method not matched in docs scan,method candidate; not reviewed,uncertain,starlette/formparsers.py:247;tests/test_testclient.py:89,The source exposes this candidate but the guide documents the TestClient interface without naming this lifecycle helper; keep public status unresolved.
317,class,starlette.formparsers.MultipartPart,class MultipartPart:,inherited or object default; verify,starlette/formparsers.py,37,module source only; symbol not matched in docs scan,public-name candidate; not reviewed,private/internal,starlette/formparsers.py:37;starlette/requests.py:15,"This is parser state, callback machinery, or an implementation dependency consumed by Request.form; no guide or root export establishes an independently supported import path."
318,source-reexport-candidate,starlette.formparsers.UploadFile,from starlette.datastructures import UploadFile,,starlette/formparsers.py,10,source import only,candidate only; importability is not public-status evidence,uncertain,starlette/formparsers.py:10,The name is imported into this module but the assigned guides and root exports do not establish this module-qualified spelling as public; importability alone is insufficient evidence.
572,documented-import,starlette.requests.Request,,,docs/templates.md,96,explicit Python import in upstream docs,confirmed documented import path,supported,docs/templates.md:96,The pinned user guide explicitly imports this starlette.* path in a usage example; that documentation establishes the consumer-facing spelling.
573,documented-import,starlette.requests.Request,,,docs/testclient.md,252,explicit Python import in upstream docs,confirmed documented import path,supported,docs/testclient.md:252,The pinned user guide explicitly imports this starlette.* path in a usage example; that documentation establishes the consumer-facing spelling.
609,documented-import,starlette.responses.HTMLResponse,,,docs/testclient.md,20,explicit Python import in upstream docs,confirmed documented import path,supported,docs/testclient.md:20,The pinned user guide explicitly imports this starlette.* path in a usage example; that documentation establishes the consumer-facing spelling.
630,documented-import,starlette.responses.PlainTextResponse,,,docs/testclient.md,253,explicit Python import in upstream docs,confirmed documented import path,supported,docs/testclient.md:253,The pinned user guide explicitly imports this starlette.* path in a usage example; that documentation establishes the consumer-facing spelling.
642,documented-import,starlette.responses.Response,,,docs/testclient.md,101,explicit Python import in upstream docs,confirmed documented import path,supported,docs/testclient.md:101,The pinned user guide explicitly imports this starlette.* path in a usage example; that documentation establishes the consumer-facing spelling.
687,documented-import,starlette.routing.Mount,,,docs/staticfiles.md,19,explicit Python import in upstream docs,confirmed documented import path,supported,docs/staticfiles.md:19,The pinned user guide explicitly imports this starlette.* path in a usage example; that documentation establishes the consumer-facing spelling.
688,documented-import,starlette.routing.Mount,,,docs/templates.md,18,explicit Python import in upstream docs,confirmed documented import path,supported,docs/templates.md:18,The pinned user guide explicitly imports this starlette.* path in a usage example; that documentation establishes the consumer-facing spelling.
715,documented-import,starlette.routing.Route,,,docs/schemas.md,14,explicit Python import in upstream docs,confirmed documented import path,supported,docs/schemas.md:14,The pinned user guide explicitly imports this starlette.* path in a usage example; that documentation establishes the consumer-facing spelling.
717,documented-import,starlette.routing.Route,,,docs/templates.md,18,explicit Python import in upstream docs,confirmed documented import path,supported,docs/templates.md:18,The pinned user guide explicitly imports this starlette.* path in a usage example; that documentation establishes the consumer-facing spelling.
718,documented-import,starlette.routing.Route,,,docs/testclient.md,251,explicit Python import in upstream docs,confirmed documented import path,supported,docs/testclient.md:251,The pinned user guide explicitly imports this starlette.* path in a usage example; that documentation establishes the consumer-facing spelling.
766,source-reexport-candidate,starlette.schemas.BaseRoute,from starlette.routing import BaseRoute,,starlette/schemas.py,10,source import only,candidate only; importability is not public-status evidence,uncertain,starlette/schemas.py:10,The name is imported into this module but the assigned guides and root exports do not establish this module-qualified spelling as public; importability alone is insufficient evidence.
767,class,starlette.schemas.BaseSchemaGenerator,class BaseSchemaGenerator:,inherited or object default; verify,starlette/schemas.py,36,module source only; symbol not matched in docs scan,public-name candidate; not reviewed,uncertain,starlette/schemas.py:36;tests/test_schemas.py:133,"The source exposes this candidate, but the guide names SchemaGenerator rather than this base/helper member; tests corroborate behavior but do not establish a public status."
768,public-method,starlette.schemas.BaseSchemaGenerator.OpenAPIResponse,"def OpenAPIResponse(self, request: Request) -> Response:",,starlette/schemas.py,122,class source only; method not matched in docs scan,method candidate; not reviewed,supported,starlette/schemas.py:122;docs/schemas.md:10,The schema guide explicitly configures SchemaGenerator and invokes this operation; the pinned declaration confirms the documented method.
769,public-method,starlette.schemas.BaseSchemaGenerator.get_endpoints,"def get_endpoints(self, routes: list[BaseRoute]) -> list[EndpointInfo]:",,starlette/schemas.py,40,class source only; method not matched in docs scan,method candidate; not reviewed,uncertain,starlette/schemas.py:40;tests/test_schemas.py:133,"The source exposes this candidate, but the guide names SchemaGenerator rather than this base/helper member; tests corroborate behavior but do not establish a public status."
770,public-method,starlette.schemas.BaseSchemaGenerator.get_schema,"def get_schema(self, routes: list[BaseRoute]) -> dict[str, Any]:",,starlette/schemas.py,37,class source only; method not matched in docs scan,method candidate; not reviewed,uncertain,starlette/schemas.py:37;tests/test_schemas.py:133,"The source exposes this candidate, but the guide names SchemaGenerator rather than this base/helper member; tests corroborate behavior but do not establish a public status."
771,public-method,starlette.schemas.BaseSchemaGenerator.parse_docstring,"def parse_docstring(self, func_or_method: Callable[..., Any]) -> dict[str, Any]:",,starlette/schemas.py,98,class source only; method not matched in docs scan,method candidate; not reviewed,uncertain,starlette/schemas.py:98;tests/test_schemas.py:133,"The source exposes this candidate, but the guide names SchemaGenerator rather than this base/helper member; tests corroborate behavior but do not establish a public status."
772,class,starlette.schemas.EndpointInfo,class EndpointInfo(NamedTuple):,inherited or object default; verify,starlette/schemas.py,27,module source only; symbol not matched in docs scan,public-name candidate; not reviewed,private/internal,starlette/schemas.py:27;starlette/schemas.py:27,EndpointInfo is a schema-generator working record used to carry route metadata internally; it is absent from the public guide and root exports.
773,source-reexport-candidate,starlette.schemas.Host,from starlette.routing import Host,,starlette/schemas.py,10,source import only,candidate only; importability is not public-status evidence,uncertain,starlette/schemas.py:10,The name is imported into this module but the assigned guides and root exports do not establish this module-qualified spelling as public; importability alone is insufficient evidence.
774,source-reexport-candidate,starlette.schemas.Mount,from starlette.routing import Mount,,starlette/schemas.py,10,source import only,candidate only; importability is not public-status evidence,uncertain,starlette/schemas.py:10,The name is imported into this module but the assigned guides and root exports do not establish this module-qualified spelling as public; importability alone is insufficient evidence.
775,class,starlette.schemas.OpenAPIResponse,class OpenAPIResponse(Response):,inherited or object default; verify,starlette/schemas.py,18,module source only; symbol not matched in docs scan,public-name candidate; not reviewed,uncertain,starlette/schemas.py:18;tests/test_schemas.py:133,"The source exposes this candidate, but the guide names SchemaGenerator rather than this base/helper member; tests corroborate behavior but do not establish a public status."
776,public-method,starlette.schemas.OpenAPIResponse.render,"def render(self, content: Any) -> bytes:",,starlette/schemas.py,21,class source only; method not matched in docs scan,method candidate; not reviewed,uncertain,starlette/schemas.py:21;tests/test_schemas.py:133,"The source exposes this candidate, but the guide names SchemaGenerator rather than this base/helper member; tests corroborate behavior but do not establish a public status."
777,source-reexport-candidate,starlette.schemas.Request,from starlette.requests import Request,,starlette/schemas.py,8,source import only,candidate only; importability is not public-status evidence,uncertain,starlette/schemas.py:8,The name is imported into this module but the assigned guides and root exports do not establish this module-qualified spelling as public; importability alone is insufficient evidence.
778,source-reexport-candidate,starlette.schemas.Response,from starlette.responses import Response,,starlette/schemas.py,9,source import only,candidate only; importability is not public-status evidence,uncertain,starlette/schemas.py:9,The name is imported into this module but the assigned guides and root exports do not establish this module-qualified spelling as public; importability alone is insufficient evidence.
779,source-reexport-candidate,starlette.schemas.Route,from starlette.routing import Route,,starlette/schemas.py,10,source import only,candidate only; importability is not public-status evidence,uncertain,starlette/schemas.py:10,The name is imported into this module but the assigned guides and root exports do not establish this module-qualified spelling as public; importability alone is insufficient evidence.
780,class,starlette.schemas.SchemaGenerator,class SchemaGenerator(BaseSchemaGenerator):,"def __init__(self, base_schema: dict[str, Any]) -> None:",starlette/schemas.py,128,explicitly referenced in docs,documented symbol; review defaults and behavior,supported,starlette/schemas.py:128;docs/schemas.md:10,The schema guide explicitly configures SchemaGenerator and invokes this operation; the pinned declaration confirms the documented method.
781,documented-import,starlette.schemas.SchemaGenerator,,,docs/schemas.md,15,explicit Python import in upstream docs,confirmed documented import path,supported,docs/schemas.md:15,The pinned user guide explicitly imports this starlette.* path in a usage example; that documentation establishes the consumer-facing spelling.
782,constructor,starlette.schemas.SchemaGenerator.__init__,"def __init__(self, base_schema: dict[str, Any]) -> None:",,starlette/schemas.py,129,class source only; method not matched in docs scan,method candidate; not reviewed,supported,starlette/schemas.py:129;docs/schemas.md:10,The schema guide explicitly configures SchemaGenerator and invokes this operation; the pinned declaration confirms the documented method.
783,public-method,starlette.schemas.SchemaGenerator.get_schema,"def get_schema(self, routes: list[BaseRoute]) -> dict[str, Any]:",,starlette/schemas.py,132,class source only; method not matched in docs scan,method candidate; not reviewed,supported,starlette/schemas.py:132;docs/schemas.md:10,The schema guide explicitly configures SchemaGenerator and invokes this operation; the pinned declaration confirms the documented method.
784,source-reexport-candidate,starlette.staticfiles.FileResponse,from starlette.responses import FileResponse,,starlette/staticfiles.py,16,source import only,candidate only; importability is not public-status evidence,uncertain,starlette/staticfiles.py:16,The name is imported into this module but the assigned guides and root exports do not establish this module-qualified spelling as public; importability alone is insufficient evidence.
785,source-reexport-candidate,starlette.staticfiles.HTTPException,from starlette.exceptions import HTTPException,,starlette/staticfiles.py,15,source import only,candidate only; importability is not public-status evidence,uncertain,starlette/staticfiles.py:15,The name is imported into this module but the assigned guides and root exports do not establish this module-qualified spelling as public; importability alone is insufficient evidence.
786,source-reexport-candidate,starlette.staticfiles.Headers,from starlette.datastructures import Headers,,starlette/staticfiles.py,14,source import only,candidate only; importability is not public-status evidence,uncertain,starlette/staticfiles.py:14,The name is imported into this module but the assigned guides and root exports do not establish this module-qualified spelling as public; importability alone is insufficient evidence.
787,class,starlette.staticfiles.NotModifiedResponse,class NotModifiedResponse(Response):,"def __init__(self, headers: Headers):",starlette/staticfiles.py,22,module source only; symbol not matched in docs scan,public-name candidate; not reviewed,private/internal,starlette/staticfiles.py:22;starlette/staticfiles.py:22,This is an internal HTTP caching response helper or typing alias used within static-file serving; the public guide documents StaticFiles rather than this implementation detail.
788,constructor,starlette.staticfiles.NotModifiedResponse.__init__,"def __init__(self, headers: Headers):",,starlette/staticfiles.py,32,class source only; method not matched in docs scan,method candidate; not reviewed,private/internal,starlette/staticfiles.py:32;starlette/staticfiles.py:22,This is an internal HTTP caching response helper or typing alias used within static-file serving; the public guide documents StaticFiles rather than this implementation detail.
789,assignment,starlette.staticfiles.PathLike,"Union[str, ""os.PathLike[str]""]",,starlette/staticfiles.py,19,module source only; name not matched in docs scan,public-name candidate; not reviewed,private/internal,starlette/staticfiles.py:19;starlette/staticfiles.py:22,This is an internal HTTP caching response helper or typing alias used within static-file serving; the public guide documents StaticFiles rather than this implementation detail.
790,source-reexport-candidate,starlette.staticfiles.Receive,from starlette.types import Receive,,starlette/staticfiles.py,17,source import only,candidate only; importability is not public-status evidence,uncertain,starlette/staticfiles.py:17,The name is imported into this module but the assigned guides and root exports do not establish this module-qualified spelling as public; importability alone is insufficient evidence.
791,source-reexport-candidate,starlette.staticfiles.RedirectResponse,from starlette.responses import RedirectResponse,,starlette/staticfiles.py,16,source import only,candidate only; importability is not public-status evidence,uncertain,starlette/staticfiles.py:16,The name is imported into this module but the assigned guides and root exports do not establish this module-qualified spelling as public; importability alone is insufficient evidence.
792,source-reexport-candidate,starlette.staticfiles.Response,from starlette.responses import Response,,starlette/staticfiles.py,16,source import only,candidate only; importability is not public-status evidence,uncertain,starlette/staticfiles.py:16,The name is imported into this module but the assigned guides and root exports do not establish this module-qualified spelling as public; importability alone is insufficient evidence.
793,source-reexport-candidate,starlette.staticfiles.Scope,from starlette.types import Scope,,starlette/staticfiles.py,17,source import only,candidate only; importability is not public-status evidence,uncertain,starlette/staticfiles.py:17,The name is imported into this module but the assigned guides and root exports do not establish this module-qualified spelling as public; importability alone is insufficient evidence.
794,source-reexport-candidate,starlette.staticfiles.Send,from starlette.types import Send,,starlette/staticfiles.py,17,source import only,candidate only; importability is not public-status evidence,uncertain,starlette/staticfiles.py:17,The name is imported into this module but the assigned guides and root exports do not establish this module-qualified spelling as public; importability alone is insufficient evidence.
795,class,starlette.staticfiles.StaticFiles,class StaticFiles:,"def __init__(self, *, directory: PathLike | None=None, packages: list[str | tuple[str, str]] | None=None, html: bool=False, check_dir: bool=True, follow_symlink: bool=False) -> None:",starlette/staticfiles.py,39,explicitly referenced in docs,documented symbol; review defaults and behavior,supported,starlette/staticfiles.py:39;docs/staticfiles.md:5,The static-files guide documents StaticFiles configuration and ASGI mounting; the pinned declaration confirms this public entry point.
798,documented-import,starlette.staticfiles.StaticFiles,,,docs/staticfiles.md,20,explicit Python import in upstream docs,confirmed documented import path,supported,docs/staticfiles.md:20,The pinned user guide explicitly imports this starlette.* path in a usage example; that documentation establishes the consumer-facing spelling.
799,documented-import,starlette.staticfiles.StaticFiles,,,docs/templates.md,20,explicit Python import in upstream docs,confirmed documented import path,supported,docs/templates.md:20,The pinned user guide explicitly imports this starlette.* path in a usage example; that documentation establishes the consumer-facing spelling.
800,special-method,starlette.staticfiles.StaticFiles.__call__,"async def __call__(self, scope: Scope, receive: Receive, send: Send) -> None:",,starlette/staticfiles.py,87,class source only; method not matched in docs scan,method candidate; not reviewed,supported,starlette/staticfiles.py:87;docs/staticfiles.md:5,The static-files guide documents StaticFiles configuration and ASGI mounting; the pinned declaration confirms this public entry point.
801,constructor,starlette.staticfiles.StaticFiles.__init__,"def __init__(self, *, directory: PathLike | None=None, packages: list[str | tuple[str, str]] | None=None, html: bool=False, check_dir: bool=True, follow_symlink: bool=False) -> None:",,starlette/staticfiles.py,40,class source only; method not matched in docs scan,method candidate; not reviewed,supported,starlette/staticfiles.py:40;docs/staticfiles.md:5,The static-files guide documents StaticFiles configuration and ASGI mounting; the pinned declaration confirms this public entry point.
802,public-method,starlette.staticfiles.StaticFiles.check_config,async def check_config(self) -> None:,,starlette/staticfiles.py,189,class source only; method not matched in docs scan,method candidate; not reviewed,uncertain,starlette/staticfiles.py:189;tests/test_staticfiles.py:154,"The source exposes this helper on StaticFiles, but guides describe only configuration and mounted serving; direct test coverage does not establish a public subclass or import contract."
803,public-method,starlette.staticfiles.StaticFiles.file_response,"def file_response(self, full_path: PathLike, stat_result: os.stat_result, scope: Scope, status_code: int=200) -> Response:",,starlette/staticfiles.py,175,class source only; method not matched in docs scan,method candidate; not reviewed,uncertain,starlette/staticfiles.py:175;tests/test_staticfiles.py:154,"The source exposes this helper on StaticFiles, but guides describe only configuration and mounted serving; direct test coverage does not establish a public subclass or import contract."
804,public-method,starlette.staticfiles.StaticFiles.get_directories,"def get_directories(self, directory: PathLike | None=None, packages: list[str | tuple[str, str]] | None=None) -> list[PathLike]:",,starlette/staticfiles.py,58,class source only; method not matched in docs scan,method candidate; not reviewed,uncertain,starlette/staticfiles.py:58;tests/test_staticfiles.py:154,"The source exposes this helper on StaticFiles, but guides describe only configuration and mounted serving; direct test coverage does not establish a public subclass or import contract."
805,public-method,starlette.staticfiles.StaticFiles.get_path,"def get_path(self, scope: Scope) -> str:",,starlette/staticfiles.py,101,class source only; method not matched in docs scan,method candidate; not reviewed,uncertain,starlette/staticfiles.py:101;tests/test_staticfiles.py:154,"The source exposes this helper on StaticFiles, but guides describe only configuration and mounted serving; direct test coverage does not establish a public subclass or import contract."
806,public-method,starlette.staticfiles.StaticFiles.get_response,"async def get_response(self, path: str, scope: Scope) -> Response:",,starlette/staticfiles.py,109,class source only; method not matched in docs scan,method candidate; not reviewed,uncertain,starlette/staticfiles.py:109;tests/test_staticfiles.py:154,"The source exposes this helper on StaticFiles, but guides describe only configuration and mounted serving; direct test coverage does not establish a public subclass or import contract."
807,public-method,starlette.staticfiles.StaticFiles.is_not_modified,"def is_not_modified(self, response_headers: Headers, request_headers: Headers) -> bool:",,starlette/staticfiles.py,205,class source only; method not matched in docs scan,method candidate; not reviewed,uncertain,starlette/staticfiles.py:205;tests/test_staticfiles.py:154,"The source exposes this helper on StaticFiles, but guides describe only configuration and mounted serving; direct test coverage does not establish a public subclass or import contract."
808,public-method,starlette.staticfiles.StaticFiles.lookup_path,"def lookup_path(self, path: str) -> tuple[str, os.stat_result | None]:",,starlette/staticfiles.py,154,class source only; method not matched in docs scan,method candidate; not reviewed,uncertain,starlette/staticfiles.py:154;tests/test_staticfiles.py:154,"The source exposes this helper on StaticFiles, but guides describe only configuration and mounted serving; direct test coverage does not establish a public subclass or import contract."
809,source-reexport-candidate,starlette.staticfiles.URL,from starlette.datastructures import URL,,starlette/staticfiles.py,14,source import only,candidate only; importability is not public-status evidence,uncertain,starlette/staticfiles.py:14,The name is imported into this module but the assigned guides and root exports do not establish this module-qualified spelling as public; importability alone is insufficient evidence.
810,source-reexport-candidate,starlette.staticfiles.get_route_path,from starlette._utils import get_route_path,,starlette/staticfiles.py,13,source import only,candidate only; importability is not public-status evidence,uncertain,starlette/staticfiles.py:13,The name is imported into this module but the assigned guides and root exports do not establish this module-qualified spelling as public; importability alone is insufficient evidence.
890,source-reexport-candidate,starlette.templating.BackgroundTask,from starlette.background import BackgroundTask,,starlette/templating.py,7,source import only,candidate only; importability is not public-status evidence,uncertain,starlette/templating.py:7,The name is imported into this module but the assigned guides and root exports do not establish this module-qualified spelling as public; importability alone is insufficient evidence.
891,source-reexport-candidate,starlette.templating.HTMLResponse,from starlette.responses import HTMLResponse,,starlette/templating.py,10,source import only,candidate only; importability is not public-status evidence,uncertain,starlette/templating.py:10,The name is imported into this module but the assigned guides and root exports do not establish this module-qualified spelling as public; importability alone is insufficient evidence.
892,api-directive,starlette.templating.Jinja2Templates,,,docs/templates.md,5,mkdocstrings API expansion directive,confirmed documented API reference,supported,docs/templates.md:5,The pinned user guide explicitly imports this starlette.* path in a usage example; that documentation establishes the consumer-facing spelling.
893,class,starlette.templating.Jinja2Templates,class Jinja2Templates:,"def __init__(self, directory: str | PathLike[str] | Sequence[str | PathLike[str]], *, context_processors: list[Callable[[Request], dict[str, Any]]] | None=None) -> None:",starlette/templating.py,54,explicitly referenced in docs,documented symbol; review defaults and behavior,supported,starlette/templating.py:54;docs/templates.md:5,The templates guide documents Jinja2Templates and demonstrates this constructor or response method; the pinned declaration confirms its current signature.
894,documented-import,starlette.templating.Jinja2Templates,,,docs/templates.md,19,explicit Python import in upstream docs,confirmed documented import path,supported,docs/templates.md:19,The pinned user guide explicitly imports this starlette.* path in a usage example; that documentation establishes the consumer-facing spelling.
895,public-method,starlette.templating.Jinja2Templates.TemplateResponse,"def TemplateResponse(self, request: Request, name: str, context: dict[str, Any] | None=None, status_code: int=200, headers: Mapping[str, str] | None=None, media_type: str | None=None, background: BackgroundTask | None=None) -> _TemplateResponse:",,starlette/templating.py,117,class source only; method not matched in docs scan,method candidate; not reviewed,supported,starlette/templating.py:117;docs/templates.md:5,The templates guide documents Jinja2Templates and demonstrates this constructor or response method; the pinned declaration confirms its current signature.
896,constructor,starlette.templating.Jinja2Templates.__init__,"def __init__(self, directory: str | PathLike[str] | Sequence[str | PathLike[str]], *, context_processors: list[Callable[[Request], dict[str, Any]]] | None=None) -> None:",,starlette/templating.py,69,class source only; method not matched in docs scan,method candidate; not reviewed,supported,starlette/templating.py:69;docs/templates.md:5,The templates guide documents Jinja2Templates and demonstrates this constructor or response method; the pinned declaration confirms its current signature.
897,constructor,starlette.templating.Jinja2Templates.__init__,"def __init__(self, *, env: jinja2.Environment, context_processors: list[Callable[[Request], dict[str, Any]]] | None=None) -> None:",,starlette/templating.py,77,class source only; method not matched in docs scan,method candidate; not reviewed,supported,starlette/templating.py:77;docs/templates.md:5,The templates guide documents Jinja2Templates and demonstrates this constructor or response method; the pinned declaration confirms its current signature.
898,constructor,starlette.templating.Jinja2Templates.__init__,"def __init__(self, directory: str | PathLike[str] | Sequence[str | PathLike[str]] | None=None, *, context_processors: list[Callable[[Request], dict[str, Any]]] | None=None, env: jinja2.Environment | None=None) -> None:",,starlette/templating.py,84,class source only; method not matched in docs scan,method candidate; not reviewed,supported,starlette/templating.py:84;docs/templates.md:5,The templates guide documents Jinja2Templates and demonstrates this constructor or response method; the pinned declaration confirms its current signature.
899,public-method,starlette.templating.Jinja2Templates.get_template,"def get_template(self, name: str) -> jinja2.Template:",,starlette/templating.py,114,class source only; method not matched in docs scan,method candidate; not reviewed,uncertain,starlette/templating.py:114;tests/test_templates.py:148,"The source exposes this candidate but guides establish Jinja2Templates and TemplateResponse, not this additional helper or imported alias; keep its public status unresolved."
900,source-reexport-candidate,starlette.templating.Receive,from starlette.types import Receive,,starlette/templating.py,11,source import only,candidate only; importability is not public-status evidence,uncertain,starlette/templating.py:11,The name is imported into this module but the assigned guides and root exports do not establish this module-qualified spelling as public; importability alone is insufficient evidence.
901,source-reexport-candidate,starlette.templating.Request,from starlette.requests import Request,,starlette/templating.py,9,source import only,candidate only; importability is not public-status evidence,uncertain,starlette/templating.py:9,The name is imported into this module but the assigned guides and root exports do not establish this module-qualified spelling as public; importability alone is insufficient evidence.
902,source-reexport-candidate,starlette.templating.Scope,from starlette.types import Scope,,starlette/templating.py,11,source import only,candidate only; importability is not public-status evidence,uncertain,starlette/templating.py:11,The name is imported into this module but the assigned guides and root exports do not establish this module-qualified spelling as public; importability alone is insufficient evidence.
903,source-reexport-candidate,starlette.templating.Send,from starlette.types import Send,,starlette/templating.py,11,source import only,candidate only; importability is not public-status evidence,uncertain,starlette/templating.py:11,The name is imported into this module but the assigned guides and root exports do not establish this module-qualified spelling as public; importability alone is insufficient evidence.
904,source-reexport-candidate,starlette.templating.URL,from starlette.datastructures import URL,,starlette/templating.py,8,source import only,candidate only; importability is not public-status evidence,uncertain,starlette/templating.py:8,The name is imported into this module but the assigned guides and root exports do not establish this module-qualified spelling as public; importability alone is insufficient evidence.
905,assignment,starlette.testclient.ASGI2App,"Callable[[Scope], ASGIInstance]",,starlette/testclient.py,56,module source only; name not matched in docs scan,public-name candidate; not reviewed,private/internal,starlette/testclient.py:56,"This is an internal adapter, denial wrapper, or session constructor used to implement the documented TestClient interface; it has no independent documented export."
906,assignment,starlette.testclient.ASGI3App,"Callable[[Scope, Receive, Send], Awaitable[None]]",,starlette/testclient.py,57,module source only; name not matched in docs scan,public-name candidate; not reviewed,private/internal,starlette/testclient.py:57,"This is an internal adapter, denial wrapper, or session constructor used to implement the documented TestClient interface; it has no independent documented export."
907,source-reexport-candidate,starlette.testclient.ASGIApp,from starlette.types import ASGIApp,,starlette/testclient.py,24,source import only,candidate only; importability is not public-status evidence,uncertain,starlette/testclient.py:24,The name is imported into this module but the assigned guides and root exports do not establish this module-qualified spelling as public; importability alone is insufficient evidence.
908,assignment,starlette.testclient.ASGIInstance,"Callable[[Receive, Send], Awaitable[None]]",,starlette/testclient.py,55,module source only; name not matched in docs scan,public-name candidate; not reviewed,private/internal,starlette/testclient.py:55,"This is an internal adapter, denial wrapper, or session constructor used to implement the documented TestClient interface; it has no independent documented export."
909,source-reexport-candidate,starlette.testclient.Message,from starlette.types import Message,,starlette/testclient.py,24,source import only,candidate only; importability is not public-status evidence,uncertain,starlette/testclient.py:24,The name is imported into this module but the assigned guides and root exports do not establish this module-qualified spelling as public; importability alone is insufficient evidence.
910,source-reexport-candidate,starlette.testclient.Receive,from starlette.types import Receive,,starlette/testclient.py,24,source import only,candidate only; importability is not public-status evidence,uncertain,starlette/testclient.py:24,The name is imported into this module but the assigned guides and root exports do not establish this module-qualified spelling as public; importability alone is insufficient evidence.
911,source-reexport-candidate,starlette.testclient.Scope,from starlette.types import Scope,,starlette/testclient.py,24,source import only,candidate only; importability is not public-status evidence,uncertain,starlette/testclient.py:24,The name is imported into this module but the assigned guides and root exports do not establish this module-qualified spelling as public; importability alone is insufficient evidence.
912,source-reexport-candidate,starlette.testclient.Send,from starlette.types import Send,,starlette/testclient.py,24,source import only,candidate only; importability is not public-status evidence,uncertain,starlette/testclient.py:24,The name is imported into this module but the assigned guides and root exports do not establish this module-qualified spelling as public; importability alone is insufficient evidence.
913,source-reexport-candidate,starlette.testclient.StarletteDeprecationWarning,from starlette.exceptions import StarletteDeprecationWarning,,starlette/testclient.py,23,source import only,candidate only; importability is not public-status evidence,uncertain,starlette/testclient.py:23,The name is imported into this module but the assigned guides and root exports do not establish this module-qualified spelling as public; importability alone is insufficient evidence.
914,api-directive,starlette.testclient.TestClient,,,docs/testclient.md,3,mkdocstrings API expansion directive,confirmed documented API reference,supported,docs/testclient.md:3,The pinned user guide explicitly imports this starlette.* path in a usage example; that documentation establishes the consumer-facing spelling.
915,class,starlette.testclient.TestClient,class TestClient(httpx.Client):,"def __init__(self, app: ASGIApp, base_url: str='http://testserver', raise_server_exceptions: bool=True, root_path: str='', backend: Literal['asyncio', 'trio']='asyncio', backend_options: dict[str, Any] | None=None, cookies: httpx._types.CookieTypes | None=None, headers: dict[str, str] | None=None, follow_redirects: bool=True, client: tuple[str, int]=('testclient', 50000)) -> None:",starlette/testclient.py,377,explicitly referenced in docs,documented symbol; review defaults and behavior,supported,starlette/testclient.py:377;docs/testclient.md:3,The TestClient API reference and guide define this documented consumer API; the pinned implementation supplies the matching member.
918,documented-import,starlette.testclient.TestClient,,,docs/templates.md,129,explicit Python import in upstream docs,confirmed documented import path,supported,docs/templates.md:129,The pinned user guide explicitly imports this starlette.* path in a usage example; that documentation establishes the consumer-facing spelling.
919,documented-import,starlette.testclient.TestClient,,,docs/testclient.md,21,explicit Python import in upstream docs,confirmed documented import path,supported,docs/testclient.md:21,The pinned user guide explicitly imports this starlette.* path in a usage example; that documentation establishes the consumer-facing spelling.
920,special-method,starlette.testclient.TestClient.__enter__,def __enter__(self) -> Self:,,starlette/testclient.py,679,class source only; method not matched in docs scan,method candidate; not reviewed,supported,starlette/testclient.py:679;docs/testclient.md:3,The TestClient API reference and guide define this documented consumer API; the pinned implementation supplies the matching member.
921,special-method,starlette.testclient.TestClient.__exit__,"def __exit__(self, *args: Any) -> None:",,starlette/testclient.py,708,class source only; method not matched in docs scan,method candidate; not reviewed,supported,starlette/testclient.py:708;docs/testclient.md:3,The TestClient API reference and guide define this documented consumer API; the pinned implementation supplies the matching member.
922,constructor,starlette.testclient.TestClient.__init__,"def __init__(self, app: ASGIApp, base_url: str='http://testserver', raise_server_exceptions: bool=True, root_path: str='', backend: Literal['asyncio', 'trio']='asyncio', backend_options: dict[str, Any] | None=None, cookies: httpx._types.CookieTypes | None=None, headers: dict[str, str] | None=None, follow_redirects: bool=True, client: tuple[str, int]=('testclient', 50000)) -> None:",,starlette/testclient.py,382,class source only; method not matched in docs scan,method candidate; not reviewed,supported,starlette/testclient.py:382;docs/testclient.md:3,The TestClient API reference and guide define this documented consumer API; the pinned implementation supplies the matching member.
923,public-method,starlette.testclient.TestClient.delete,"def delete(self, url: httpx._types.URLTypes, *, params: httpx._types.QueryParamTypes | None=None, headers: httpx._types.HeaderTypes | None=None, cookies: httpx._types.CookieTypes | None=None, auth: httpx._types.AuthTypes | httpx._client.UseClientDefault=httpx._client.USE_CLIENT_DEFAULT, follow_redirects: bool | httpx._client.UseClientDefault=httpx._client.USE_CLIENT_DEFAULT, timeout: httpx._types.TimeoutTypes | httpx._client.UseClientDefault=httpx._client.USE_CLIENT_DEFAULT, extensions: dict[str, Any] | None=None) -> httpx.Response:",,starlette/testclient.py,633,class source only; method not matched in docs scan,method candidate; not reviewed,supported,starlette/testclient.py:633;docs/testclient.md:3,The TestClient API reference and guide define this documented consumer API; the pinned implementation supplies the matching member.
924,public-method,starlette.testclient.TestClient.get,"def get(self, url: httpx._types.URLTypes, *, params: httpx._types.QueryParamTypes | None=None, headers: httpx._types.HeaderTypes | None=None, cookies: httpx._types.CookieTypes | None=None, auth: httpx._types.AuthTypes | httpx._client.UseClientDefault=httpx._client.USE_CLIENT_DEFAULT, follow_redirects: bool | httpx._client.UseClientDefault=httpx._client.USE_CLIENT_DEFAULT, timeout: httpx._types.TimeoutTypes | httpx._client.UseClientDefault=httpx._client.USE_CLIENT_DEFAULT, extensions: dict[str, Any] | None=None) -> httpx.Response:",,starlette/testclient.py,471,class source only; method not matched in docs scan,method candidate; not reviewed,supported,starlette/testclient.py:471;docs/testclient.md:3,The TestClient API reference and guide define this documented consumer API; the pinned implementation supplies the matching member.
925,public-method,starlette.testclient.TestClient.head,"def head(self, url: httpx._types.URLTypes, *, params: httpx._types.QueryParamTypes | None=None, headers: httpx._types.HeaderTypes | None=None, cookies: httpx._types.CookieTypes | None=None, auth: httpx._types.AuthTypes | httpx._client.UseClientDefault=httpx._client.USE_CLIENT_DEFAULT, follow_redirects: bool | httpx._client.UseClientDefault=httpx._client.USE_CLIENT_DEFAULT, timeout: httpx._types.TimeoutTypes | httpx._client.UseClientDefault=httpx._client.USE_CLIENT_DEFAULT, extensions: dict[str, Any] | None=None) -> httpx.Response:",,starlette/testclient.py,517,class source only; method not matched in docs scan,method candidate; not reviewed,supported,starlette/testclient.py:517;docs/testclient.md:3,The TestClient API reference and guide define this documented consumer API; the pinned implementation supplies the matching member.
926,public-method,starlette.testclient.TestClient.lifespan,async def lifespan(self) -> None:,,starlette/testclient.py,711,class source only; method not matched in docs scan,method candidate; not reviewed,uncertain,starlette/testclient.py:711;tests/test_testclient.py:89,The source exposes this candidate but the guide documents the TestClient interface without naming this lifecycle helper; keep public status unresolved.
927,public-method,starlette.testclient.TestClient.options,"def options(self, url: httpx._types.URLTypes, *, params: httpx._types.QueryParamTypes | None=None, headers: httpx._types.HeaderTypes | None=None, cookies: httpx._types.CookieTypes | None=None, auth: httpx._types.AuthTypes | httpx._client.UseClientDefault=httpx._client.USE_CLIENT_DEFAULT, follow_redirects: bool | httpx._client.UseClientDefault=httpx._client.USE_CLIENT_DEFAULT, timeout: httpx._types.TimeoutTypes | httpx._client.UseClientDefault=httpx._client.USE_CLIENT_DEFAULT, extensions: dict[str, Any] | None=None) -> httpx.Response:",,starlette/testclient.py,494,class source only; method not matched in docs scan,method candidate; not reviewed,supported,starlette/testclient.py:494;docs/testclient.md:3,The TestClient API reference and guide define this documented consumer API; the pinned implementation supplies the matching member.
928,public-method,starlette.testclient.TestClient.patch,"def patch(self, url: httpx._types.URLTypes, *, content: httpx._types.RequestContent | None=None, data: _RequestData | None=None, files: httpx._types.RequestFiles | None=None, json: Any=None, params: httpx._types.QueryParamTypes | None=None, headers: httpx._types.HeaderTypes | None=None, cookies: httpx._types.CookieTypes | None=None, auth: httpx._types.AuthTypes | httpx._client.UseClientDefault=httpx._client.USE_CLIENT_DEFAULT, follow_redirects: bool | httpx._client.UseClientDefault=httpx._client.USE_CLIENT_DEFAULT, timeout: httpx._types.TimeoutTypes | httpx._client.UseClientDefault=httpx._client.USE_CLIENT_DEFAULT, extensions: dict[str, Any] | None=None) -> httpx.Response:",,starlette/testclient.py,602,class source only; method not matched in docs scan,method candidate; not reviewed,supported,starlette/testclient.py:602;docs/testclient.md:3,The TestClient API reference and guide define this documented consumer API; the pinned implementation supplies the matching member.
929,public-method,starlette.testclient.TestClient.post,"def post(self, url: httpx._types.URLTypes, *, content: httpx._types.RequestContent | None=None, data: _RequestData | None=None, files: httpx._types.RequestFiles | None=None, json: Any=None, params: httpx._types.QueryParamTypes | None=None, headers: httpx._types.HeaderTypes | None=None, cookies: httpx._types.CookieTypes | None=None, auth: httpx._types.AuthTypes | httpx._client.UseClientDefault=httpx._client.USE_CLIENT_DEFAULT, follow_redirects: bool | httpx._client.UseClientDefault=httpx._client.USE_CLIENT_DEFAULT, timeout: httpx._types.TimeoutTypes | httpx._client.UseClientDefault=httpx._client.USE_CLIENT_DEFAULT, extensions: dict[str, Any] | None=None) -> httpx.Response:",,starlette/testclient.py,540,class source only; method not matched in docs scan,method candidate; not reviewed,supported,starlette/testclient.py:540;docs/testclient.md:3,The TestClient API reference and guide define this documented consumer API; the pinned implementation supplies the matching member.
930,public-method,starlette.testclient.TestClient.put,"def put(self, url: httpx._types.URLTypes, *, content: httpx._types.RequestContent | None=None, data: _RequestData | None=None, files: httpx._types.RequestFiles | None=None, json: Any=None, params: httpx._types.QueryParamTypes | None=None, headers: httpx._types.HeaderTypes | None=None, cookies: httpx._types.CookieTypes | None=None, auth: httpx._types.AuthTypes | httpx._client.UseClientDefault=httpx._client.USE_CLIENT_DEFAULT, follow_redirects: bool | httpx._client.UseClientDefault=httpx._client.USE_CLIENT_DEFAULT, timeout: httpx._types.TimeoutTypes | httpx._client.UseClientDefault=httpx._client.USE_CLIENT_DEFAULT, extensions: dict[str, Any] | None=None) -> httpx.Response:",,starlette/testclient.py,571,class source only; method not matched in docs scan,method candidate; not reviewed,supported,starlette/testclient.py:571;docs/testclient.md:3,The TestClient API reference and guide define this documented consumer API; the pinned implementation supplies the matching member.
931,public-method,starlette.testclient.TestClient.request,"def request(self, method: str, url: httpx._types.URLTypes, *, content: httpx._types.RequestContent | None=None, data: _RequestData | None=None, files: httpx._types.RequestFiles | None=None, json: Any=None, params: httpx._types.QueryParamTypes | None=None, headers: httpx._types.HeaderTypes | None=None, cookies: httpx._types.CookieTypes | None=None, auth: httpx._types.AuthTypes | httpx._client.UseClientDefault=httpx._client.USE_CLIENT_DEFAULT, follow_redirects: bool | httpx._client.UseClientDefault=httpx._client.USE_CLIENT_DEFAULT, timeout: httpx._types.TimeoutTypes | httpx._client.UseClientDefault=httpx._client.USE_CLIENT_DEFAULT, extensions: dict[str, Any] | None=None) -> httpx.Response:",,starlette/testclient.py,430,class source only; method not matched in docs scan,method candidate; not reviewed,supported,starlette/testclient.py:430;docs/testclient.md:3,The TestClient API reference and guide define this documented consumer API; the pinned implementation supplies the matching member.
932,public-method,starlette.testclient.TestClient.wait_shutdown,async def wait_shutdown(self) -> None:,,starlette/testclient.py,735,class source only; method not matched in docs scan,method candidate; not reviewed,uncertain,starlette/testclient.py:735;tests/test_testclient.py:89,The source exposes this candidate but the guide documents the TestClient interface without naming this lifecycle helper; keep public status unresolved.
933,public-method,starlette.testclient.TestClient.wait_startup,async def wait_startup(self) -> None:,,starlette/testclient.py,718,class source only; method not matched in docs scan,method candidate; not reviewed,uncertain,starlette/testclient.py:718;tests/test_testclient.py:89,The source exposes this candidate but the guide documents the TestClient interface without naming this lifecycle helper; keep public status unresolved.
934,public-method,starlette.testclient.TestClient.websocket_connect,"def websocket_connect(self, url: str, subprotocols: Sequence[str] | None=None, **kwargs: Any) -> WebSocketTestSession:",,starlette/testclient.py,656,class source only; method not matched in docs scan,method candidate; not reviewed,supported,starlette/testclient.py:656;docs/testclient.md:3,The TestClient API reference and guide define this documented consumer API; the pinned implementation supplies the matching member.
935,class,starlette.testclient.WebSocketDenialResponse,"class WebSocketDenialResponse(httpx.Response, WebSocketDisconnect):",inherited or object default; verify,starlette/testclient.py,92,module source only; symbol not matched in docs scan,public-name candidate; not reviewed,private/internal,starlette/testclient.py:92,"This is an internal adapter, denial wrapper, or session constructor used to implement the documented TestClient interface; it has no independent documented export."
936,source-reexport-candidate,starlette.testclient.WebSocketDisconnect,from starlette.websockets import WebSocketDisconnect,,starlette/testclient.py,25,source import only,candidate only; importability is not public-status evidence,uncertain,starlette/testclient.py:25,The name is imported into this module but the assigned guides and root exports do not establish this module-qualified spelling as public; importability alone is insufficient evidence.
937,class,starlette.testclient.WebSocketTestSession,class WebSocketTestSession:,"def __init__(self, app: ASGI3App, scope: Scope, portal_factory: _PortalFactoryType) -> None:",starlette/testclient.py,102,module source only; symbol not matched in docs scan,public-name candidate; not reviewed,supported,starlette/testclient.py:102;docs/testclient.md:185,The TestClient guide documents this WebSocket session operation and its context-managed use; the pinned class declaration confirms the implementation path.
938,special-method,starlette.testclient.WebSocketTestSession.__enter__,def __enter__(self) -> Self:,,starlette/testclient.py,115,class source only; method not matched in docs scan,method candidate; not reviewed,supported,starlette/testclient.py:115;docs/testclient.md:185,The TestClient guide documents this WebSocket session operation and its context-managed use; the pinned class declaration confirms the implementation path.
939,special-method,starlette.testclient.WebSocketTestSession.__exit__,"def __exit__(self, *args: Any) -> bool | None:",,starlette/testclient.py,130,class source only; method not matched in docs scan,method candidate; not reviewed,supported,starlette/testclient.py:130;docs/testclient.md:185,The TestClient guide documents this WebSocket session operation and its context-managed use; the pinned class declaration confirms the implementation path.
940,constructor,starlette.testclient.WebSocketTestSession.__init__,"def __init__(self, app: ASGI3App, scope: Scope, portal_factory: _PortalFactoryType) -> None:",,starlette/testclient.py,103,class source only; method not matched in docs scan,method candidate; not reviewed,private/internal,starlette/testclient.py:103,"This is an internal adapter, denial wrapper, or session constructor used to implement the documented TestClient interface; it has no independent documented export."
941,public-method,starlette.testclient.WebSocketTestSession.close,"def close(self, code: int=1000, reason: str | None=None) -> None:",,starlette/testclient.py,181,class source only; method not matched in docs scan,method candidate; not reviewed,supported,starlette/testclient.py:181;docs/testclient.md:185,The TestClient guide documents this WebSocket session operation and its context-managed use; the pinned class declaration confirms the implementation path.
942,public-method,starlette.testclient.WebSocketTestSession.receive,def receive(self) -> Message:,,starlette/testclient.py,184,class source only; method not matched in docs scan,method candidate; not reviewed,supported,starlette/testclient.py:184;docs/testclient.md:185,The TestClient guide documents this WebSocket session operation and its context-managed use; the pinned class declaration confirms the implementation path.
943,public-method,starlette.testclient.WebSocketTestSession.receive_bytes,def receive_bytes(self) -> bytes:,,starlette/testclient.py,192,class source only; method not matched in docs scan,method candidate; not reviewed,supported,starlette/testclient.py:192;docs/testclient.md:185,The TestClient guide documents this WebSocket session operation and its context-managed use; the pinned class declaration confirms the implementation path.
944,public-method,starlette.testclient.WebSocketTestSession.receive_json,"def receive_json(self, mode: Literal['text', 'binary']='text') -> Any:",,starlette/testclient.py,197,class source only; method not matched in docs scan,method candidate; not reviewed,supported,starlette/testclient.py:197;docs/testclient.md:185,The TestClient guide documents this WebSocket session operation and its context-managed use; the pinned class declaration confirms the implementation path.
945,public-method,starlette.testclient.WebSocketTestSession.receive_text,def receive_text(self) -> str:,,starlette/testclient.py,187,class source only; method not matched in docs scan,method candidate; not reviewed,supported,starlette/testclient.py:187;docs/testclient.md:185,The TestClient guide documents this WebSocket session operation and its context-managed use; the pinned class declaration confirms the implementation path.
946,public-method,starlette.testclient.WebSocketTestSession.send,"def send(self, message: Message) -> None:",,starlette/testclient.py,165,class source only; method not matched in docs scan,method candidate; not reviewed,supported,starlette/testclient.py:165;docs/testclient.md:185,The TestClient guide documents this WebSocket session operation and its context-managed use; the pinned class declaration confirms the implementation path.
947,public-method,starlette.testclient.WebSocketTestSession.send_bytes,"def send_bytes(self, data: bytes) -> None:",,starlette/testclient.py,171,class source only; method not matched in docs scan,method candidate; not reviewed,supported,starlette/testclient.py:171;docs/testclient.md:185,The TestClient guide documents this WebSocket session operation and its context-managed use; the pinned class declaration confirms the implementation path.
948,public-method,starlette.testclient.WebSocketTestSession.send_json,"def send_json(self, data: Any, mode: Literal['text', 'binary']='text') -> None:",,starlette/testclient.py,174,class source only; method not matched in docs scan,method candidate; not reviewed,supported,starlette/testclient.py:174;docs/testclient.md:185,The TestClient guide documents this WebSocket session operation and its context-managed use; the pinned class declaration confirms the implementation path.
949,public-method,starlette.testclient.WebSocketTestSession.send_text,"def send_text(self, data: str) -> None:",,starlette/testclient.py,168,class source only; method not matched in docs scan,method candidate; not reviewed,supported,starlette/testclient.py:168;docs/testclient.md:185,The TestClient guide documents this WebSocket session operation and its context-managed use; the pinned class declaration confirms the implementation path.
950,source-reexport-candidate,starlette.testclient.is_async_callable,from starlette._utils import is_async_callable,,starlette/testclient.py,22,source import only,candidate only; importability is not public-status evidence,uncertain,starlette/testclient.py:22,The name is imported into this module but the assigned guides and root exports do not establish this module-qualified spelling as public; importability alone is insufficient evidence.
977,documented-import,starlette.websockets.WebSocket,,,docs/testclient.md,176,explicit Python import in upstream docs,confirmed documented import path,supported,docs/testclient.md:176,The pinned user guide explicitly imports this starlette.* path in a usage example; that documentation establishes the consumer-facing spelling.
