workload_id,category,source_file,route_or_payload_configuration,request_or_scope,source_correctness_gate,timed_boundary,parity_case_id,target_limitation
test_routing_static_early,router,benchmarks/routing_benchmark.py,"LARGE_ROUTER: 30 groups x four route declarations (120 routes); async endpoint returns PlainTextResponse(""ok"").","ASGI HTTP scope with method=GET and path=/resources0; empty root_path, headers, and query_string; receive callback raises if the app requests a body.",test_routing_static_early: select the first sent message status; source assertion gate is status == 200.,"benchmark(lambda: runner.run(...)): one Router ASGI dispatch, including fresh per-dispatch scope construction, loop.run_until_complete, and send-message collection; excludes the status assertion.",,"The target now implements HTTP Router ASGI dispatch for this input, but no manifest-backed correctness case or benchmark runner maps it yet; Rust-native Starlette::call remains a different path/method boundary."
test_routing_static_late,router,benchmarks/routing_benchmark.py,"LARGE_ROUTER: 30 groups x four route declarations (120 routes); async endpoint returns PlainTextResponse(""ok"").","ASGI HTTP scope with method=GET and path=/resources29; empty root_path, headers, and query_string; receive callback raises if the app requests a body.",test_routing_static_late: select the first sent message status; source assertion gate is status == 200.,"benchmark(lambda: runner.run(...)): one Router ASGI dispatch, including fresh per-dispatch scope construction, loop.run_until_complete, and send-message collection; excludes the status assertion.",,"The target now implements HTTP Router ASGI dispatch for this input, but no manifest-backed correctness case or benchmark runner maps it yet; Rust-native Starlette::call remains a different path/method boundary."
test_routing_param_late,router,benchmarks/routing_benchmark.py,"LARGE_ROUTER: 30 groups x four route declarations (120 routes); async endpoint returns PlainTextResponse(""ok"").","ASGI HTTP scope with method=GET and path=/resources29/123/items/first; empty root_path, headers, and query_string; receive callback raises if the app requests a body.",test_routing_param_late: select the first sent message status; source assertion gate is status == 200.,"benchmark(lambda: runner.run(...)): one Router ASGI dispatch, including fresh per-dispatch scope construction, loop.run_until_complete, and send-message collection; excludes the status assertion.",,"The target now implements HTTP Router ASGI dispatch for this input, but no manifest-backed correctness case or benchmark runner maps it yet; Rust-native Starlette::call remains a different path/method boundary."
test_routing_miss,router,benchmarks/routing_benchmark.py,"LARGE_ROUTER: 30 groups x four route declarations (120 routes); async endpoint returns PlainTextResponse(""ok"") for matched routes.","ASGI HTTP scope with method=GET and path=/no/such/path; empty root_path, headers, and query_string; receive callback raises if the app requests a body.",test_routing_miss: select the first sent message status; source assertion gate is status == 404.,"benchmark(lambda: runner.run(...)): one Router ASGI dispatch, including fresh per-dispatch scope construction, loop.run_until_complete, and send-message collection; excludes the status assertion.",,"The target now implements HTTP Router ASGI dispatch for this input, but no manifest-backed correctness case or benchmark runner maps it yet; Rust-native Starlette::call remains a different path/method boundary."
test_routing_method_not_allowed,router,benchmarks/routing_benchmark.py,LARGE_ROUTER: 30 groups x four route declarations (120 routes); the static resource route declares GET and POST.,"ASGI HTTP scope with method=DELETE and path=/resources29; empty root_path, headers, and query_string; receive callback raises if the app requests a body.",test_routing_method_not_allowed: select the first sent message status; source assertion gate is status == 405.,"benchmark(lambda: runner.run(...)): one Router ASGI dispatch, including fresh per-dispatch scope construction, loop.run_until_complete, and send-message collection; excludes the status assertion.",,"The target now implements HTTP Router ASGI dispatch for this input, but no manifest-backed correctness case or benchmark runner maps it yet; Rust-native Starlette::call remains a different path/method boundary."
test_routing_small_app,router,benchmarks/routing_benchmark.py,"SMALL_ROUTER: five groups x four route declarations (20 routes); async endpoint returns PlainTextResponse(""ok"").","ASGI HTTP scope with method=GET and path=/resources4/7; empty root_path, headers, and query_string; receive callback raises if the app requests a body.",test_routing_small_app: select the first sent message status; source assertion gate is status == 200.,"benchmark(lambda: runner.run(...)): one Router ASGI dispatch, including fresh per-dispatch scope construction, loop.run_until_complete, and send-message collection; excludes the status assertion.",,"The target now implements HTTP Router ASGI dispatch for this input, but no manifest-backed correctness case or benchmark runner maps it yet; Rust-native Starlette::call remains a different path/method boundary."
test_gzip[json-1MiB-level-1],gzip,benchmarks/gzip_benchmark.py,"deterministic json payload, 1MiB, compresslevel=1; GZipMiddleware minimum_size=0; source response input declares application/json and a content-length derived from the payload size.",ASGI HTTP scope with accept-encoding: gzip; static app supplies a response-start and one body message; receive callback raises if the app requests a body.,test_gzip selectors: two sent messages; response-start type and content-encoding header; response-body type and bytes; gzip.decompress(body) equals the supplied payload.,"benchmark.pedantic(runner.run, rounds=1): one full GZipMiddleware ASGI call with responder construction, fresh inner message containers, header handling, compression, and send collection; payload/message, app/scope/runner construction and decompression assertion are outside timing.",,The active manifest does not map this exact source benchmark input and timed boundary to a parity case; related GZip workflows cover narrower behaviors with different stimuli.
test_gzip[json-1MiB-level-2],gzip,benchmarks/gzip_benchmark.py,"deterministic json payload, 1MiB, compresslevel=2; GZipMiddleware minimum_size=0; source response input declares application/json and a content-length derived from the payload size.",ASGI HTTP scope with accept-encoding: gzip; static app supplies a response-start and one body message; receive callback raises if the app requests a body.,test_gzip selectors: two sent messages; response-start type and content-encoding header; response-body type and bytes; gzip.decompress(body) equals the supplied payload.,"benchmark.pedantic(runner.run, rounds=1): one full GZipMiddleware ASGI call with responder construction, fresh inner message containers, header handling, compression, and send collection; payload/message, app/scope/runner construction and decompression assertion are outside timing.",,The active manifest does not map this exact source benchmark input and timed boundary to a parity case; related GZip workflows cover narrower behaviors with different stimuli.
test_gzip[json-1MiB-level-3],gzip,benchmarks/gzip_benchmark.py,"deterministic json payload, 1MiB, compresslevel=3; GZipMiddleware minimum_size=0; source response input declares application/json and a content-length derived from the payload size.",ASGI HTTP scope with accept-encoding: gzip; static app supplies a response-start and one body message; receive callback raises if the app requests a body.,test_gzip selectors: two sent messages; response-start type and content-encoding header; response-body type and bytes; gzip.decompress(body) equals the supplied payload.,"benchmark.pedantic(runner.run, rounds=1): one full GZipMiddleware ASGI call with responder construction, fresh inner message containers, header handling, compression, and send collection; payload/message, app/scope/runner construction and decompression assertion are outside timing.",,The active manifest does not map this exact source benchmark input and timed boundary to a parity case; related GZip workflows cover narrower behaviors with different stimuli.
test_gzip[json-1MiB-level-4],gzip,benchmarks/gzip_benchmark.py,"deterministic json payload, 1MiB, compresslevel=4; GZipMiddleware minimum_size=0; source response input declares application/json and a content-length derived from the payload size.",ASGI HTTP scope with accept-encoding: gzip; static app supplies a response-start and one body message; receive callback raises if the app requests a body.,test_gzip selectors: two sent messages; response-start type and content-encoding header; response-body type and bytes; gzip.decompress(body) equals the supplied payload.,"benchmark.pedantic(runner.run, rounds=1): one full GZipMiddleware ASGI call with responder construction, fresh inner message containers, header handling, compression, and send collection; payload/message, app/scope/runner construction and decompression assertion are outside timing.",,The active manifest does not map this exact source benchmark input and timed boundary to a parity case; related GZip workflows cover narrower behaviors with different stimuli.
test_gzip[json-1MiB-level-5],gzip,benchmarks/gzip_benchmark.py,"deterministic json payload, 1MiB, compresslevel=5; GZipMiddleware minimum_size=0; source response input declares application/json and a content-length derived from the payload size.",ASGI HTTP scope with accept-encoding: gzip; static app supplies a response-start and one body message; receive callback raises if the app requests a body.,test_gzip selectors: two sent messages; response-start type and content-encoding header; response-body type and bytes; gzip.decompress(body) equals the supplied payload.,"benchmark.pedantic(runner.run, rounds=1): one full GZipMiddleware ASGI call with responder construction, fresh inner message containers, header handling, compression, and send collection; payload/message, app/scope/runner construction and decompression assertion are outside timing.",,The active manifest does not map this exact source benchmark input and timed boundary to a parity case; related GZip workflows cover narrower behaviors with different stimuli.
test_gzip[json-1MiB-level-6],gzip,benchmarks/gzip_benchmark.py,"deterministic json payload, 1MiB, compresslevel=6; GZipMiddleware minimum_size=0; source response input declares application/json and a content-length derived from the payload size.",ASGI HTTP scope with accept-encoding: gzip; static app supplies a response-start and one body message; receive callback raises if the app requests a body.,test_gzip selectors: two sent messages; response-start type and content-encoding header; response-body type and bytes; gzip.decompress(body) equals the supplied payload.,"benchmark.pedantic(runner.run, rounds=1): one full GZipMiddleware ASGI call with responder construction, fresh inner message containers, header handling, compression, and send collection; payload/message, app/scope/runner construction and decompression assertion are outside timing.",,The active manifest does not map this exact source benchmark input and timed boundary to a parity case; related GZip workflows cover narrower behaviors with different stimuli.
test_gzip[json-1MiB-level-7],gzip,benchmarks/gzip_benchmark.py,"deterministic json payload, 1MiB, compresslevel=7; GZipMiddleware minimum_size=0; source response input declares application/json and a content-length derived from the payload size.",ASGI HTTP scope with accept-encoding: gzip; static app supplies a response-start and one body message; receive callback raises if the app requests a body.,test_gzip selectors: two sent messages; response-start type and content-encoding header; response-body type and bytes; gzip.decompress(body) equals the supplied payload.,"benchmark.pedantic(runner.run, rounds=1): one full GZipMiddleware ASGI call with responder construction, fresh inner message containers, header handling, compression, and send collection; payload/message, app/scope/runner construction and decompression assertion are outside timing.",,The active manifest does not map this exact source benchmark input and timed boundary to a parity case; related GZip workflows cover narrower behaviors with different stimuli.
test_gzip[json-1MiB-level-8],gzip,benchmarks/gzip_benchmark.py,"deterministic json payload, 1MiB, compresslevel=8; GZipMiddleware minimum_size=0; source response input declares application/json and a content-length derived from the payload size.",ASGI HTTP scope with accept-encoding: gzip; static app supplies a response-start and one body message; receive callback raises if the app requests a body.,test_gzip selectors: two sent messages; response-start type and content-encoding header; response-body type and bytes; gzip.decompress(body) equals the supplied payload.,"benchmark.pedantic(runner.run, rounds=1): one full GZipMiddleware ASGI call with responder construction, fresh inner message containers, header handling, compression, and send collection; payload/message, app/scope/runner construction and decompression assertion are outside timing.",,The active manifest does not map this exact source benchmark input and timed boundary to a parity case; related GZip workflows cover narrower behaviors with different stimuli.
test_gzip[json-1MiB-level-9],gzip,benchmarks/gzip_benchmark.py,"deterministic json payload, 1MiB, compresslevel=9; GZipMiddleware minimum_size=0; source response input declares application/json and a content-length derived from the payload size.",ASGI HTTP scope with accept-encoding: gzip; static app supplies a response-start and one body message; receive callback raises if the app requests a body.,test_gzip selectors: two sent messages; response-start type and content-encoding header; response-body type and bytes; gzip.decompress(body) equals the supplied payload.,"benchmark.pedantic(runner.run, rounds=1): one full GZipMiddleware ASGI call with responder construction, fresh inner message containers, header handling, compression, and send collection; payload/message, app/scope/runner construction and decompression assertion are outside timing.",,The active manifest does not map this exact source benchmark input and timed boundary to a parity case; related GZip workflows cover narrower behaviors with different stimuli.
test_gzip[text-1MiB-level-1],gzip,benchmarks/gzip_benchmark.py,"deterministic text payload, 1MiB, compresslevel=1; GZipMiddleware minimum_size=0; source response input declares application/json and a content-length derived from the payload size.",ASGI HTTP scope with accept-encoding: gzip; static app supplies a response-start and one body message; receive callback raises if the app requests a body.,test_gzip selectors: two sent messages; response-start type and content-encoding header; response-body type and bytes; gzip.decompress(body) equals the supplied payload.,"benchmark.pedantic(runner.run, rounds=1): one full GZipMiddleware ASGI call with responder construction, fresh inner message containers, header handling, compression, and send collection; payload/message, app/scope/runner construction and decompression assertion are outside timing.",,The active manifest does not map this exact source benchmark input and timed boundary to a parity case; related GZip workflows cover narrower behaviors with different stimuli.
test_gzip[text-1MiB-level-2],gzip,benchmarks/gzip_benchmark.py,"deterministic text payload, 1MiB, compresslevel=2; GZipMiddleware minimum_size=0; source response input declares application/json and a content-length derived from the payload size.",ASGI HTTP scope with accept-encoding: gzip; static app supplies a response-start and one body message; receive callback raises if the app requests a body.,test_gzip selectors: two sent messages; response-start type and content-encoding header; response-body type and bytes; gzip.decompress(body) equals the supplied payload.,"benchmark.pedantic(runner.run, rounds=1): one full GZipMiddleware ASGI call with responder construction, fresh inner message containers, header handling, compression, and send collection; payload/message, app/scope/runner construction and decompression assertion are outside timing.",,The active manifest does not map this exact source benchmark input and timed boundary to a parity case; related GZip workflows cover narrower behaviors with different stimuli.
test_gzip[text-1MiB-level-3],gzip,benchmarks/gzip_benchmark.py,"deterministic text payload, 1MiB, compresslevel=3; GZipMiddleware minimum_size=0; source response input declares application/json and a content-length derived from the payload size.",ASGI HTTP scope with accept-encoding: gzip; static app supplies a response-start and one body message; receive callback raises if the app requests a body.,test_gzip selectors: two sent messages; response-start type and content-encoding header; response-body type and bytes; gzip.decompress(body) equals the supplied payload.,"benchmark.pedantic(runner.run, rounds=1): one full GZipMiddleware ASGI call with responder construction, fresh inner message containers, header handling, compression, and send collection; payload/message, app/scope/runner construction and decompression assertion are outside timing.",,The active manifest does not map this exact source benchmark input and timed boundary to a parity case; related GZip workflows cover narrower behaviors with different stimuli.
test_gzip[text-1MiB-level-4],gzip,benchmarks/gzip_benchmark.py,"deterministic text payload, 1MiB, compresslevel=4; GZipMiddleware minimum_size=0; source response input declares application/json and a content-length derived from the payload size.",ASGI HTTP scope with accept-encoding: gzip; static app supplies a response-start and one body message; receive callback raises if the app requests a body.,test_gzip selectors: two sent messages; response-start type and content-encoding header; response-body type and bytes; gzip.decompress(body) equals the supplied payload.,"benchmark.pedantic(runner.run, rounds=1): one full GZipMiddleware ASGI call with responder construction, fresh inner message containers, header handling, compression, and send collection; payload/message, app/scope/runner construction and decompression assertion are outside timing.",,The active manifest does not map this exact source benchmark input and timed boundary to a parity case; related GZip workflows cover narrower behaviors with different stimuli.
test_gzip[text-1MiB-level-5],gzip,benchmarks/gzip_benchmark.py,"deterministic text payload, 1MiB, compresslevel=5; GZipMiddleware minimum_size=0; source response input declares application/json and a content-length derived from the payload size.",ASGI HTTP scope with accept-encoding: gzip; static app supplies a response-start and one body message; receive callback raises if the app requests a body.,test_gzip selectors: two sent messages; response-start type and content-encoding header; response-body type and bytes; gzip.decompress(body) equals the supplied payload.,"benchmark.pedantic(runner.run, rounds=1): one full GZipMiddleware ASGI call with responder construction, fresh inner message containers, header handling, compression, and send collection; payload/message, app/scope/runner construction and decompression assertion are outside timing.",,The active manifest does not map this exact source benchmark input and timed boundary to a parity case; related GZip workflows cover narrower behaviors with different stimuli.
test_gzip[text-1MiB-level-6],gzip,benchmarks/gzip_benchmark.py,"deterministic text payload, 1MiB, compresslevel=6; GZipMiddleware minimum_size=0; source response input declares application/json and a content-length derived from the payload size.",ASGI HTTP scope with accept-encoding: gzip; static app supplies a response-start and one body message; receive callback raises if the app requests a body.,test_gzip selectors: two sent messages; response-start type and content-encoding header; response-body type and bytes; gzip.decompress(body) equals the supplied payload.,"benchmark.pedantic(runner.run, rounds=1): one full GZipMiddleware ASGI call with responder construction, fresh inner message containers, header handling, compression, and send collection; payload/message, app/scope/runner construction and decompression assertion are outside timing.",,The active manifest does not map this exact source benchmark input and timed boundary to a parity case; related GZip workflows cover narrower behaviors with different stimuli.
test_gzip[text-1MiB-level-7],gzip,benchmarks/gzip_benchmark.py,"deterministic text payload, 1MiB, compresslevel=7; GZipMiddleware minimum_size=0; source response input declares application/json and a content-length derived from the payload size.",ASGI HTTP scope with accept-encoding: gzip; static app supplies a response-start and one body message; receive callback raises if the app requests a body.,test_gzip selectors: two sent messages; response-start type and content-encoding header; response-body type and bytes; gzip.decompress(body) equals the supplied payload.,"benchmark.pedantic(runner.run, rounds=1): one full GZipMiddleware ASGI call with responder construction, fresh inner message containers, header handling, compression, and send collection; payload/message, app/scope/runner construction and decompression assertion are outside timing.",,The active manifest does not map this exact source benchmark input and timed boundary to a parity case; related GZip workflows cover narrower behaviors with different stimuli.
test_gzip[text-1MiB-level-8],gzip,benchmarks/gzip_benchmark.py,"deterministic text payload, 1MiB, compresslevel=8; GZipMiddleware minimum_size=0; source response input declares application/json and a content-length derived from the payload size.",ASGI HTTP scope with accept-encoding: gzip; static app supplies a response-start and one body message; receive callback raises if the app requests a body.,test_gzip selectors: two sent messages; response-start type and content-encoding header; response-body type and bytes; gzip.decompress(body) equals the supplied payload.,"benchmark.pedantic(runner.run, rounds=1): one full GZipMiddleware ASGI call with responder construction, fresh inner message containers, header handling, compression, and send collection; payload/message, app/scope/runner construction and decompression assertion are outside timing.",,The active manifest does not map this exact source benchmark input and timed boundary to a parity case; related GZip workflows cover narrower behaviors with different stimuli.
test_gzip[text-1MiB-level-9],gzip,benchmarks/gzip_benchmark.py,"deterministic text payload, 1MiB, compresslevel=9; GZipMiddleware minimum_size=0; source response input declares application/json and a content-length derived from the payload size.",ASGI HTTP scope with accept-encoding: gzip; static app supplies a response-start and one body message; receive callback raises if the app requests a body.,test_gzip selectors: two sent messages; response-start type and content-encoding header; response-body type and bytes; gzip.decompress(body) equals the supplied payload.,"benchmark.pedantic(runner.run, rounds=1): one full GZipMiddleware ASGI call with responder construction, fresh inner message containers, header handling, compression, and send collection; payload/message, app/scope/runner construction and decompression assertion are outside timing.",,The active manifest does not map this exact source benchmark input and timed boundary to a parity case; related GZip workflows cover narrower behaviors with different stimuli.
test_gzip[incompressible-1MiB-level-1],gzip,benchmarks/gzip_benchmark.py,"deterministic incompressible payload, 1MiB, compresslevel=1; GZipMiddleware minimum_size=0; source response input declares application/json and a content-length derived from the payload size.",ASGI HTTP scope with accept-encoding: gzip; static app supplies a response-start and one body message; receive callback raises if the app requests a body.,test_gzip selectors: two sent messages; response-start type and content-encoding header; response-body type and bytes; gzip.decompress(body) equals the supplied payload.,"benchmark.pedantic(runner.run, rounds=1): one full GZipMiddleware ASGI call with responder construction, fresh inner message containers, header handling, compression, and send collection; payload/message, app/scope/runner construction and decompression assertion are outside timing.",,The active manifest does not map this exact source benchmark input and timed boundary to a parity case; related GZip workflows cover narrower behaviors with different stimuli.
test_gzip[incompressible-1MiB-level-2],gzip,benchmarks/gzip_benchmark.py,"deterministic incompressible payload, 1MiB, compresslevel=2; GZipMiddleware minimum_size=0; source response input declares application/json and a content-length derived from the payload size.",ASGI HTTP scope with accept-encoding: gzip; static app supplies a response-start and one body message; receive callback raises if the app requests a body.,test_gzip selectors: two sent messages; response-start type and content-encoding header; response-body type and bytes; gzip.decompress(body) equals the supplied payload.,"benchmark.pedantic(runner.run, rounds=1): one full GZipMiddleware ASGI call with responder construction, fresh inner message containers, header handling, compression, and send collection; payload/message, app/scope/runner construction and decompression assertion are outside timing.",,The active manifest does not map this exact source benchmark input and timed boundary to a parity case; related GZip workflows cover narrower behaviors with different stimuli.
test_gzip[incompressible-1MiB-level-3],gzip,benchmarks/gzip_benchmark.py,"deterministic incompressible payload, 1MiB, compresslevel=3; GZipMiddleware minimum_size=0; source response input declares application/json and a content-length derived from the payload size.",ASGI HTTP scope with accept-encoding: gzip; static app supplies a response-start and one body message; receive callback raises if the app requests a body.,test_gzip selectors: two sent messages; response-start type and content-encoding header; response-body type and bytes; gzip.decompress(body) equals the supplied payload.,"benchmark.pedantic(runner.run, rounds=1): one full GZipMiddleware ASGI call with responder construction, fresh inner message containers, header handling, compression, and send collection; payload/message, app/scope/runner construction and decompression assertion are outside timing.",,The active manifest does not map this exact source benchmark input and timed boundary to a parity case; related GZip workflows cover narrower behaviors with different stimuli.
test_gzip[incompressible-1MiB-level-4],gzip,benchmarks/gzip_benchmark.py,"deterministic incompressible payload, 1MiB, compresslevel=4; GZipMiddleware minimum_size=0; source response input declares application/json and a content-length derived from the payload size.",ASGI HTTP scope with accept-encoding: gzip; static app supplies a response-start and one body message; receive callback raises if the app requests a body.,test_gzip selectors: two sent messages; response-start type and content-encoding header; response-body type and bytes; gzip.decompress(body) equals the supplied payload.,"benchmark.pedantic(runner.run, rounds=1): one full GZipMiddleware ASGI call with responder construction, fresh inner message containers, header handling, compression, and send collection; payload/message, app/scope/runner construction and decompression assertion are outside timing.",,The active manifest does not map this exact source benchmark input and timed boundary to a parity case; related GZip workflows cover narrower behaviors with different stimuli.
test_gzip[incompressible-1MiB-level-5],gzip,benchmarks/gzip_benchmark.py,"deterministic incompressible payload, 1MiB, compresslevel=5; GZipMiddleware minimum_size=0; source response input declares application/json and a content-length derived from the payload size.",ASGI HTTP scope with accept-encoding: gzip; static app supplies a response-start and one body message; receive callback raises if the app requests a body.,test_gzip selectors: two sent messages; response-start type and content-encoding header; response-body type and bytes; gzip.decompress(body) equals the supplied payload.,"benchmark.pedantic(runner.run, rounds=1): one full GZipMiddleware ASGI call with responder construction, fresh inner message containers, header handling, compression, and send collection; payload/message, app/scope/runner construction and decompression assertion are outside timing.",,The active manifest does not map this exact source benchmark input and timed boundary to a parity case; related GZip workflows cover narrower behaviors with different stimuli.
test_gzip[incompressible-1MiB-level-6],gzip,benchmarks/gzip_benchmark.py,"deterministic incompressible payload, 1MiB, compresslevel=6; GZipMiddleware minimum_size=0; source response input declares application/json and a content-length derived from the payload size.",ASGI HTTP scope with accept-encoding: gzip; static app supplies a response-start and one body message; receive callback raises if the app requests a body.,test_gzip selectors: two sent messages; response-start type and content-encoding header; response-body type and bytes; gzip.decompress(body) equals the supplied payload.,"benchmark.pedantic(runner.run, rounds=1): one full GZipMiddleware ASGI call with responder construction, fresh inner message containers, header handling, compression, and send collection; payload/message, app/scope/runner construction and decompression assertion are outside timing.",,The active manifest does not map this exact source benchmark input and timed boundary to a parity case; related GZip workflows cover narrower behaviors with different stimuli.
test_gzip[incompressible-1MiB-level-7],gzip,benchmarks/gzip_benchmark.py,"deterministic incompressible payload, 1MiB, compresslevel=7; GZipMiddleware minimum_size=0; source response input declares application/json and a content-length derived from the payload size.",ASGI HTTP scope with accept-encoding: gzip; static app supplies a response-start and one body message; receive callback raises if the app requests a body.,test_gzip selectors: two sent messages; response-start type and content-encoding header; response-body type and bytes; gzip.decompress(body) equals the supplied payload.,"benchmark.pedantic(runner.run, rounds=1): one full GZipMiddleware ASGI call with responder construction, fresh inner message containers, header handling, compression, and send collection; payload/message, app/scope/runner construction and decompression assertion are outside timing.",,The active manifest does not map this exact source benchmark input and timed boundary to a parity case; related GZip workflows cover narrower behaviors with different stimuli.
test_gzip[incompressible-1MiB-level-8],gzip,benchmarks/gzip_benchmark.py,"deterministic incompressible payload, 1MiB, compresslevel=8; GZipMiddleware minimum_size=0; source response input declares application/json and a content-length derived from the payload size.",ASGI HTTP scope with accept-encoding: gzip; static app supplies a response-start and one body message; receive callback raises if the app requests a body.,test_gzip selectors: two sent messages; response-start type and content-encoding header; response-body type and bytes; gzip.decompress(body) equals the supplied payload.,"benchmark.pedantic(runner.run, rounds=1): one full GZipMiddleware ASGI call with responder construction, fresh inner message containers, header handling, compression, and send collection; payload/message, app/scope/runner construction and decompression assertion are outside timing.",,The active manifest does not map this exact source benchmark input and timed boundary to a parity case; related GZip workflows cover narrower behaviors with different stimuli.
test_gzip[incompressible-1MiB-level-9],gzip,benchmarks/gzip_benchmark.py,"deterministic incompressible payload, 1MiB, compresslevel=9; GZipMiddleware minimum_size=0; source response input declares application/json and a content-length derived from the payload size.",ASGI HTTP scope with accept-encoding: gzip; static app supplies a response-start and one body message; receive callback raises if the app requests a body.,test_gzip selectors: two sent messages; response-start type and content-encoding header; response-body type and bytes; gzip.decompress(body) equals the supplied payload.,"benchmark.pedantic(runner.run, rounds=1): one full GZipMiddleware ASGI call with responder construction, fresh inner message containers, header handling, compression, and send collection; payload/message, app/scope/runner construction and decompression assertion are outside timing.",,The active manifest does not map this exact source benchmark input and timed boundary to a parity case; related GZip workflows cover narrower behaviors with different stimuli.
test_gzip[json-32KiB-level-1],gzip,benchmarks/gzip_benchmark.py,"deterministic json payload, 32KiB, compresslevel=1; GZipMiddleware minimum_size=0; source response input declares application/json and a content-length derived from the payload size.",ASGI HTTP scope with accept-encoding: gzip; static app supplies a response-start and one body message; receive callback raises if the app requests a body.,test_gzip selectors: two sent messages; response-start type and content-encoding header; response-body type and bytes; gzip.decompress(body) equals the supplied payload.,"benchmark.pedantic(runner.run, rounds=1): one full GZipMiddleware ASGI call with responder construction, fresh inner message containers, header handling, compression, and send collection; payload/message, app/scope/runner construction and decompression assertion are outside timing.",,The active manifest does not map this exact source benchmark input and timed boundary to a parity case; related GZip workflows cover narrower behaviors with different stimuli.
test_gzip[json-32KiB-level-6],gzip,benchmarks/gzip_benchmark.py,"deterministic json payload, 32KiB, compresslevel=6; GZipMiddleware minimum_size=0; source response input declares application/json and a content-length derived from the payload size.",ASGI HTTP scope with accept-encoding: gzip; static app supplies a response-start and one body message; receive callback raises if the app requests a body.,test_gzip selectors: two sent messages; response-start type and content-encoding header; response-body type and bytes; gzip.decompress(body) equals the supplied payload.,"benchmark.pedantic(runner.run, rounds=1): one full GZipMiddleware ASGI call with responder construction, fresh inner message containers, header handling, compression, and send collection; payload/message, app/scope/runner construction and decompression assertion are outside timing.",,The active manifest does not map this exact source benchmark input and timed boundary to a parity case; related GZip workflows cover narrower behaviors with different stimuli.
test_gzip[json-32KiB-level-9],gzip,benchmarks/gzip_benchmark.py,"deterministic json payload, 32KiB, compresslevel=9; GZipMiddleware minimum_size=0; source response input declares application/json and a content-length derived from the payload size.",ASGI HTTP scope with accept-encoding: gzip; static app supplies a response-start and one body message; receive callback raises if the app requests a body.,test_gzip selectors: two sent messages; response-start type and content-encoding header; response-body type and bytes; gzip.decompress(body) equals the supplied payload.,"benchmark.pedantic(runner.run, rounds=1): one full GZipMiddleware ASGI call with responder construction, fresh inner message containers, header handling, compression, and send collection; payload/message, app/scope/runner construction and decompression assertion are outside timing.",,The active manifest does not map this exact source benchmark input and timed boundary to a parity case; related GZip workflows cover narrower behaviors with different stimuli.
test_gzip[json-256KiB-level-1],gzip,benchmarks/gzip_benchmark.py,"deterministic json payload, 256KiB, compresslevel=1; GZipMiddleware minimum_size=0; source response input declares application/json and a content-length derived from the payload size.",ASGI HTTP scope with accept-encoding: gzip; static app supplies a response-start and one body message; receive callback raises if the app requests a body.,test_gzip selectors: two sent messages; response-start type and content-encoding header; response-body type and bytes; gzip.decompress(body) equals the supplied payload.,"benchmark.pedantic(runner.run, rounds=1): one full GZipMiddleware ASGI call with responder construction, fresh inner message containers, header handling, compression, and send collection; payload/message, app/scope/runner construction and decompression assertion are outside timing.",,The active manifest does not map this exact source benchmark input and timed boundary to a parity case; related GZip workflows cover narrower behaviors with different stimuli.
test_gzip[json-256KiB-level-6],gzip,benchmarks/gzip_benchmark.py,"deterministic json payload, 256KiB, compresslevel=6; GZipMiddleware minimum_size=0; source response input declares application/json and a content-length derived from the payload size.",ASGI HTTP scope with accept-encoding: gzip; static app supplies a response-start and one body message; receive callback raises if the app requests a body.,test_gzip selectors: two sent messages; response-start type and content-encoding header; response-body type and bytes; gzip.decompress(body) equals the supplied payload.,"benchmark.pedantic(runner.run, rounds=1): one full GZipMiddleware ASGI call with responder construction, fresh inner message containers, header handling, compression, and send collection; payload/message, app/scope/runner construction and decompression assertion are outside timing.",,The active manifest does not map this exact source benchmark input and timed boundary to a parity case; related GZip workflows cover narrower behaviors with different stimuli.
test_gzip[json-256KiB-level-9],gzip,benchmarks/gzip_benchmark.py,"deterministic json payload, 256KiB, compresslevel=9; GZipMiddleware minimum_size=0; source response input declares application/json and a content-length derived from the payload size.",ASGI HTTP scope with accept-encoding: gzip; static app supplies a response-start and one body message; receive callback raises if the app requests a body.,test_gzip selectors: two sent messages; response-start type and content-encoding header; response-body type and bytes; gzip.decompress(body) equals the supplied payload.,"benchmark.pedantic(runner.run, rounds=1): one full GZipMiddleware ASGI call with responder construction, fresh inner message containers, header handling, compression, and send collection; payload/message, app/scope/runner construction and decompression assertion are outside timing.",,The active manifest does not map this exact source benchmark input and timed boundary to a parity case; related GZip workflows cover narrower behaviors with different stimuli.
test_gzip[json-5MiB-level-1],gzip,benchmarks/gzip_benchmark.py,"deterministic json payload, 5MiB, compresslevel=1; GZipMiddleware minimum_size=0; source response input declares application/json and a content-length derived from the payload size.",ASGI HTTP scope with accept-encoding: gzip; static app supplies a response-start and one body message; receive callback raises if the app requests a body.,test_gzip selectors: two sent messages; response-start type and content-encoding header; response-body type and bytes; gzip.decompress(body) equals the supplied payload.,"benchmark.pedantic(runner.run, rounds=1): one full GZipMiddleware ASGI call with responder construction, fresh inner message containers, header handling, compression, and send collection; payload/message, app/scope/runner construction and decompression assertion are outside timing.",,The active manifest does not map this exact source benchmark input and timed boundary to a parity case; related GZip workflows cover narrower behaviors with different stimuli.
test_gzip[json-5MiB-level-6],gzip,benchmarks/gzip_benchmark.py,"deterministic json payload, 5MiB, compresslevel=6; GZipMiddleware minimum_size=0; source response input declares application/json and a content-length derived from the payload size.",ASGI HTTP scope with accept-encoding: gzip; static app supplies a response-start and one body message; receive callback raises if the app requests a body.,test_gzip selectors: two sent messages; response-start type and content-encoding header; response-body type and bytes; gzip.decompress(body) equals the supplied payload.,"benchmark.pedantic(runner.run, rounds=1): one full GZipMiddleware ASGI call with responder construction, fresh inner message containers, header handling, compression, and send collection; payload/message, app/scope/runner construction and decompression assertion are outside timing.",,The active manifest does not map this exact source benchmark input and timed boundary to a parity case; related GZip workflows cover narrower behaviors with different stimuli.
test_gzip[json-5MiB-level-9],gzip,benchmarks/gzip_benchmark.py,"deterministic json payload, 5MiB, compresslevel=9; GZipMiddleware minimum_size=0; source response input declares application/json and a content-length derived from the payload size.",ASGI HTTP scope with accept-encoding: gzip; static app supplies a response-start and one body message; receive callback raises if the app requests a body.,test_gzip selectors: two sent messages; response-start type and content-encoding header; response-body type and bytes; gzip.decompress(body) equals the supplied payload.,"benchmark.pedantic(runner.run, rounds=1): one full GZipMiddleware ASGI call with responder construction, fresh inner message containers, header handling, compression, and send collection; payload/message, app/scope/runner construction and decompression assertion are outside timing.",,The active manifest does not map this exact source benchmark input and timed boundary to a parity case; related GZip workflows cover narrower behaviors with different stimuli.
test_gzip[json-10MiB-level-1],gzip,benchmarks/gzip_benchmark.py,"deterministic json payload, 10MiB, compresslevel=1; GZipMiddleware minimum_size=0; source response input declares application/json and a content-length derived from the payload size.",ASGI HTTP scope with accept-encoding: gzip; static app supplies a response-start and one body message; receive callback raises if the app requests a body.,test_gzip selectors: two sent messages; response-start type and content-encoding header; response-body type and bytes; gzip.decompress(body) equals the supplied payload.,"benchmark.pedantic(runner.run, rounds=1): one full GZipMiddleware ASGI call with responder construction, fresh inner message containers, header handling, compression, and send collection; payload/message, app/scope/runner construction and decompression assertion are outside timing.",,The active manifest does not map this exact source benchmark input and timed boundary to a parity case; related GZip workflows cover narrower behaviors with different stimuli.
test_gzip[json-10MiB-level-6],gzip,benchmarks/gzip_benchmark.py,"deterministic json payload, 10MiB, compresslevel=6; GZipMiddleware minimum_size=0; source response input declares application/json and a content-length derived from the payload size.",ASGI HTTP scope with accept-encoding: gzip; static app supplies a response-start and one body message; receive callback raises if the app requests a body.,test_gzip selectors: two sent messages; response-start type and content-encoding header; response-body type and bytes; gzip.decompress(body) equals the supplied payload.,"benchmark.pedantic(runner.run, rounds=1): one full GZipMiddleware ASGI call with responder construction, fresh inner message containers, header handling, compression, and send collection; payload/message, app/scope/runner construction and decompression assertion are outside timing.",,The active manifest does not map this exact source benchmark input and timed boundary to a parity case; related GZip workflows cover narrower behaviors with different stimuli.
test_gzip[json-10MiB-level-9],gzip,benchmarks/gzip_benchmark.py,"deterministic json payload, 10MiB, compresslevel=9; GZipMiddleware minimum_size=0; source response input declares application/json and a content-length derived from the payload size.",ASGI HTTP scope with accept-encoding: gzip; static app supplies a response-start and one body message; receive callback raises if the app requests a body.,test_gzip selectors: two sent messages; response-start type and content-encoding header; response-body type and bytes; gzip.decompress(body) equals the supplied payload.,"benchmark.pedantic(runner.run, rounds=1): one full GZipMiddleware ASGI call with responder construction, fresh inner message containers, header handling, compression, and send collection; payload/message, app/scope/runner construction and decompression assertion are outside timing.",,The active manifest does not map this exact source benchmark input and timed boundary to a parity case; related GZip workflows cover narrower behaviors with different stimuli.
test_gzip[text-32KiB-level-1],gzip,benchmarks/gzip_benchmark.py,"deterministic text payload, 32KiB, compresslevel=1; GZipMiddleware minimum_size=0; source response input declares application/json and a content-length derived from the payload size.",ASGI HTTP scope with accept-encoding: gzip; static app supplies a response-start and one body message; receive callback raises if the app requests a body.,test_gzip selectors: two sent messages; response-start type and content-encoding header; response-body type and bytes; gzip.decompress(body) equals the supplied payload.,"benchmark.pedantic(runner.run, rounds=1): one full GZipMiddleware ASGI call with responder construction, fresh inner message containers, header handling, compression, and send collection; payload/message, app/scope/runner construction and decompression assertion are outside timing.",,The active manifest does not map this exact source benchmark input and timed boundary to a parity case; related GZip workflows cover narrower behaviors with different stimuli.
test_gzip[text-32KiB-level-6],gzip,benchmarks/gzip_benchmark.py,"deterministic text payload, 32KiB, compresslevel=6; GZipMiddleware minimum_size=0; source response input declares application/json and a content-length derived from the payload size.",ASGI HTTP scope with accept-encoding: gzip; static app supplies a response-start and one body message; receive callback raises if the app requests a body.,test_gzip selectors: two sent messages; response-start type and content-encoding header; response-body type and bytes; gzip.decompress(body) equals the supplied payload.,"benchmark.pedantic(runner.run, rounds=1): one full GZipMiddleware ASGI call with responder construction, fresh inner message containers, header handling, compression, and send collection; payload/message, app/scope/runner construction and decompression assertion are outside timing.",,The active manifest does not map this exact source benchmark input and timed boundary to a parity case; related GZip workflows cover narrower behaviors with different stimuli.
test_gzip[text-32KiB-level-9],gzip,benchmarks/gzip_benchmark.py,"deterministic text payload, 32KiB, compresslevel=9; GZipMiddleware minimum_size=0; source response input declares application/json and a content-length derived from the payload size.",ASGI HTTP scope with accept-encoding: gzip; static app supplies a response-start and one body message; receive callback raises if the app requests a body.,test_gzip selectors: two sent messages; response-start type and content-encoding header; response-body type and bytes; gzip.decompress(body) equals the supplied payload.,"benchmark.pedantic(runner.run, rounds=1): one full GZipMiddleware ASGI call with responder construction, fresh inner message containers, header handling, compression, and send collection; payload/message, app/scope/runner construction and decompression assertion are outside timing.",,The active manifest does not map this exact source benchmark input and timed boundary to a parity case; related GZip workflows cover narrower behaviors with different stimuli.
test_gzip[text-256KiB-level-1],gzip,benchmarks/gzip_benchmark.py,"deterministic text payload, 256KiB, compresslevel=1; GZipMiddleware minimum_size=0; source response input declares application/json and a content-length derived from the payload size.",ASGI HTTP scope with accept-encoding: gzip; static app supplies a response-start and one body message; receive callback raises if the app requests a body.,test_gzip selectors: two sent messages; response-start type and content-encoding header; response-body type and bytes; gzip.decompress(body) equals the supplied payload.,"benchmark.pedantic(runner.run, rounds=1): one full GZipMiddleware ASGI call with responder construction, fresh inner message containers, header handling, compression, and send collection; payload/message, app/scope/runner construction and decompression assertion are outside timing.",,The active manifest does not map this exact source benchmark input and timed boundary to a parity case; related GZip workflows cover narrower behaviors with different stimuli.
test_gzip[text-256KiB-level-6],gzip,benchmarks/gzip_benchmark.py,"deterministic text payload, 256KiB, compresslevel=6; GZipMiddleware minimum_size=0; source response input declares application/json and a content-length derived from the payload size.",ASGI HTTP scope with accept-encoding: gzip; static app supplies a response-start and one body message; receive callback raises if the app requests a body.,test_gzip selectors: two sent messages; response-start type and content-encoding header; response-body type and bytes; gzip.decompress(body) equals the supplied payload.,"benchmark.pedantic(runner.run, rounds=1): one full GZipMiddleware ASGI call with responder construction, fresh inner message containers, header handling, compression, and send collection; payload/message, app/scope/runner construction and decompression assertion are outside timing.",,The active manifest does not map this exact source benchmark input and timed boundary to a parity case; related GZip workflows cover narrower behaviors with different stimuli.
test_gzip[text-256KiB-level-9],gzip,benchmarks/gzip_benchmark.py,"deterministic text payload, 256KiB, compresslevel=9; GZipMiddleware minimum_size=0; source response input declares application/json and a content-length derived from the payload size.",ASGI HTTP scope with accept-encoding: gzip; static app supplies a response-start and one body message; receive callback raises if the app requests a body.,test_gzip selectors: two sent messages; response-start type and content-encoding header; response-body type and bytes; gzip.decompress(body) equals the supplied payload.,"benchmark.pedantic(runner.run, rounds=1): one full GZipMiddleware ASGI call with responder construction, fresh inner message containers, header handling, compression, and send collection; payload/message, app/scope/runner construction and decompression assertion are outside timing.",,The active manifest does not map this exact source benchmark input and timed boundary to a parity case; related GZip workflows cover narrower behaviors with different stimuli.
test_gzip[text-5MiB-level-1],gzip,benchmarks/gzip_benchmark.py,"deterministic text payload, 5MiB, compresslevel=1; GZipMiddleware minimum_size=0; source response input declares application/json and a content-length derived from the payload size.",ASGI HTTP scope with accept-encoding: gzip; static app supplies a response-start and one body message; receive callback raises if the app requests a body.,test_gzip selectors: two sent messages; response-start type and content-encoding header; response-body type and bytes; gzip.decompress(body) equals the supplied payload.,"benchmark.pedantic(runner.run, rounds=1): one full GZipMiddleware ASGI call with responder construction, fresh inner message containers, header handling, compression, and send collection; payload/message, app/scope/runner construction and decompression assertion are outside timing.",,The active manifest does not map this exact source benchmark input and timed boundary to a parity case; related GZip workflows cover narrower behaviors with different stimuli.
test_gzip[text-5MiB-level-6],gzip,benchmarks/gzip_benchmark.py,"deterministic text payload, 5MiB, compresslevel=6; GZipMiddleware minimum_size=0; source response input declares application/json and a content-length derived from the payload size.",ASGI HTTP scope with accept-encoding: gzip; static app supplies a response-start and one body message; receive callback raises if the app requests a body.,test_gzip selectors: two sent messages; response-start type and content-encoding header; response-body type and bytes; gzip.decompress(body) equals the supplied payload.,"benchmark.pedantic(runner.run, rounds=1): one full GZipMiddleware ASGI call with responder construction, fresh inner message containers, header handling, compression, and send collection; payload/message, app/scope/runner construction and decompression assertion are outside timing.",,The active manifest does not map this exact source benchmark input and timed boundary to a parity case; related GZip workflows cover narrower behaviors with different stimuli.
test_gzip[text-5MiB-level-9],gzip,benchmarks/gzip_benchmark.py,"deterministic text payload, 5MiB, compresslevel=9; GZipMiddleware minimum_size=0; source response input declares application/json and a content-length derived from the payload size.",ASGI HTTP scope with accept-encoding: gzip; static app supplies a response-start and one body message; receive callback raises if the app requests a body.,test_gzip selectors: two sent messages; response-start type and content-encoding header; response-body type and bytes; gzip.decompress(body) equals the supplied payload.,"benchmark.pedantic(runner.run, rounds=1): one full GZipMiddleware ASGI call with responder construction, fresh inner message containers, header handling, compression, and send collection; payload/message, app/scope/runner construction and decompression assertion are outside timing.",,The active manifest does not map this exact source benchmark input and timed boundary to a parity case; related GZip workflows cover narrower behaviors with different stimuli.
test_gzip[text-10MiB-level-1],gzip,benchmarks/gzip_benchmark.py,"deterministic text payload, 10MiB, compresslevel=1; GZipMiddleware minimum_size=0; source response input declares application/json and a content-length derived from the payload size.",ASGI HTTP scope with accept-encoding: gzip; static app supplies a response-start and one body message; receive callback raises if the app requests a body.,test_gzip selectors: two sent messages; response-start type and content-encoding header; response-body type and bytes; gzip.decompress(body) equals the supplied payload.,"benchmark.pedantic(runner.run, rounds=1): one full GZipMiddleware ASGI call with responder construction, fresh inner message containers, header handling, compression, and send collection; payload/message, app/scope/runner construction and decompression assertion are outside timing.",,The active manifest does not map this exact source benchmark input and timed boundary to a parity case; related GZip workflows cover narrower behaviors with different stimuli.
test_gzip[text-10MiB-level-6],gzip,benchmarks/gzip_benchmark.py,"deterministic text payload, 10MiB, compresslevel=6; GZipMiddleware minimum_size=0; source response input declares application/json and a content-length derived from the payload size.",ASGI HTTP scope with accept-encoding: gzip; static app supplies a response-start and one body message; receive callback raises if the app requests a body.,test_gzip selectors: two sent messages; response-start type and content-encoding header; response-body type and bytes; gzip.decompress(body) equals the supplied payload.,"benchmark.pedantic(runner.run, rounds=1): one full GZipMiddleware ASGI call with responder construction, fresh inner message containers, header handling, compression, and send collection; payload/message, app/scope/runner construction and decompression assertion are outside timing.",,The active manifest does not map this exact source benchmark input and timed boundary to a parity case; related GZip workflows cover narrower behaviors with different stimuli.
test_gzip[text-10MiB-level-9],gzip,benchmarks/gzip_benchmark.py,"deterministic text payload, 10MiB, compresslevel=9; GZipMiddleware minimum_size=0; source response input declares application/json and a content-length derived from the payload size.",ASGI HTTP scope with accept-encoding: gzip; static app supplies a response-start and one body message; receive callback raises if the app requests a body.,test_gzip selectors: two sent messages; response-start type and content-encoding header; response-body type and bytes; gzip.decompress(body) equals the supplied payload.,"benchmark.pedantic(runner.run, rounds=1): one full GZipMiddleware ASGI call with responder construction, fresh inner message containers, header handling, compression, and send collection; payload/message, app/scope/runner construction and decompression assertion are outside timing.",,The active manifest does not map this exact source benchmark input and timed boundary to a parity case; related GZip workflows cover narrower behaviors with different stimuli.
test_gzip[incompressible-32KiB-level-1],gzip,benchmarks/gzip_benchmark.py,"deterministic incompressible payload, 32KiB, compresslevel=1; GZipMiddleware minimum_size=0; source response input declares application/json and a content-length derived from the payload size.",ASGI HTTP scope with accept-encoding: gzip; static app supplies a response-start and one body message; receive callback raises if the app requests a body.,test_gzip selectors: two sent messages; response-start type and content-encoding header; response-body type and bytes; gzip.decompress(body) equals the supplied payload.,"benchmark.pedantic(runner.run, rounds=1): one full GZipMiddleware ASGI call with responder construction, fresh inner message containers, header handling, compression, and send collection; payload/message, app/scope/runner construction and decompression assertion are outside timing.",,The active manifest does not map this exact source benchmark input and timed boundary to a parity case; related GZip workflows cover narrower behaviors with different stimuli.
test_gzip[incompressible-32KiB-level-6],gzip,benchmarks/gzip_benchmark.py,"deterministic incompressible payload, 32KiB, compresslevel=6; GZipMiddleware minimum_size=0; source response input declares application/json and a content-length derived from the payload size.",ASGI HTTP scope with accept-encoding: gzip; static app supplies a response-start and one body message; receive callback raises if the app requests a body.,test_gzip selectors: two sent messages; response-start type and content-encoding header; response-body type and bytes; gzip.decompress(body) equals the supplied payload.,"benchmark.pedantic(runner.run, rounds=1): one full GZipMiddleware ASGI call with responder construction, fresh inner message containers, header handling, compression, and send collection; payload/message, app/scope/runner construction and decompression assertion are outside timing.",,The active manifest does not map this exact source benchmark input and timed boundary to a parity case; related GZip workflows cover narrower behaviors with different stimuli.
test_gzip[incompressible-32KiB-level-9],gzip,benchmarks/gzip_benchmark.py,"deterministic incompressible payload, 32KiB, compresslevel=9; GZipMiddleware minimum_size=0; source response input declares application/json and a content-length derived from the payload size.",ASGI HTTP scope with accept-encoding: gzip; static app supplies a response-start and one body message; receive callback raises if the app requests a body.,test_gzip selectors: two sent messages; response-start type and content-encoding header; response-body type and bytes; gzip.decompress(body) equals the supplied payload.,"benchmark.pedantic(runner.run, rounds=1): one full GZipMiddleware ASGI call with responder construction, fresh inner message containers, header handling, compression, and send collection; payload/message, app/scope/runner construction and decompression assertion are outside timing.",,The active manifest does not map this exact source benchmark input and timed boundary to a parity case; related GZip workflows cover narrower behaviors with different stimuli.
test_gzip[incompressible-256KiB-level-1],gzip,benchmarks/gzip_benchmark.py,"deterministic incompressible payload, 256KiB, compresslevel=1; GZipMiddleware minimum_size=0; source response input declares application/json and a content-length derived from the payload size.",ASGI HTTP scope with accept-encoding: gzip; static app supplies a response-start and one body message; receive callback raises if the app requests a body.,test_gzip selectors: two sent messages; response-start type and content-encoding header; response-body type and bytes; gzip.decompress(body) equals the supplied payload.,"benchmark.pedantic(runner.run, rounds=1): one full GZipMiddleware ASGI call with responder construction, fresh inner message containers, header handling, compression, and send collection; payload/message, app/scope/runner construction and decompression assertion are outside timing.",,The active manifest does not map this exact source benchmark input and timed boundary to a parity case; related GZip workflows cover narrower behaviors with different stimuli.
test_gzip[incompressible-256KiB-level-6],gzip,benchmarks/gzip_benchmark.py,"deterministic incompressible payload, 256KiB, compresslevel=6; GZipMiddleware minimum_size=0; source response input declares application/json and a content-length derived from the payload size.",ASGI HTTP scope with accept-encoding: gzip; static app supplies a response-start and one body message; receive callback raises if the app requests a body.,test_gzip selectors: two sent messages; response-start type and content-encoding header; response-body type and bytes; gzip.decompress(body) equals the supplied payload.,"benchmark.pedantic(runner.run, rounds=1): one full GZipMiddleware ASGI call with responder construction, fresh inner message containers, header handling, compression, and send collection; payload/message, app/scope/runner construction and decompression assertion are outside timing.",,The active manifest does not map this exact source benchmark input and timed boundary to a parity case; related GZip workflows cover narrower behaviors with different stimuli.
test_gzip[incompressible-256KiB-level-9],gzip,benchmarks/gzip_benchmark.py,"deterministic incompressible payload, 256KiB, compresslevel=9; GZipMiddleware minimum_size=0; source response input declares application/json and a content-length derived from the payload size.",ASGI HTTP scope with accept-encoding: gzip; static app supplies a response-start and one body message; receive callback raises if the app requests a body.,test_gzip selectors: two sent messages; response-start type and content-encoding header; response-body type and bytes; gzip.decompress(body) equals the supplied payload.,"benchmark.pedantic(runner.run, rounds=1): one full GZipMiddleware ASGI call with responder construction, fresh inner message containers, header handling, compression, and send collection; payload/message, app/scope/runner construction and decompression assertion are outside timing.",,The active manifest does not map this exact source benchmark input and timed boundary to a parity case; related GZip workflows cover narrower behaviors with different stimuli.
test_gzip[incompressible-5MiB-level-1],gzip,benchmarks/gzip_benchmark.py,"deterministic incompressible payload, 5MiB, compresslevel=1; GZipMiddleware minimum_size=0; source response input declares application/json and a content-length derived from the payload size.",ASGI HTTP scope with accept-encoding: gzip; static app supplies a response-start and one body message; receive callback raises if the app requests a body.,test_gzip selectors: two sent messages; response-start type and content-encoding header; response-body type and bytes; gzip.decompress(body) equals the supplied payload.,"benchmark.pedantic(runner.run, rounds=1): one full GZipMiddleware ASGI call with responder construction, fresh inner message containers, header handling, compression, and send collection; payload/message, app/scope/runner construction and decompression assertion are outside timing.",,The active manifest does not map this exact source benchmark input and timed boundary to a parity case; related GZip workflows cover narrower behaviors with different stimuli.
test_gzip[incompressible-5MiB-level-6],gzip,benchmarks/gzip_benchmark.py,"deterministic incompressible payload, 5MiB, compresslevel=6; GZipMiddleware minimum_size=0; source response input declares application/json and a content-length derived from the payload size.",ASGI HTTP scope with accept-encoding: gzip; static app supplies a response-start and one body message; receive callback raises if the app requests a body.,test_gzip selectors: two sent messages; response-start type and content-encoding header; response-body type and bytes; gzip.decompress(body) equals the supplied payload.,"benchmark.pedantic(runner.run, rounds=1): one full GZipMiddleware ASGI call with responder construction, fresh inner message containers, header handling, compression, and send collection; payload/message, app/scope/runner construction and decompression assertion are outside timing.",,The active manifest does not map this exact source benchmark input and timed boundary to a parity case; related GZip workflows cover narrower behaviors with different stimuli.
test_gzip[incompressible-5MiB-level-9],gzip,benchmarks/gzip_benchmark.py,"deterministic incompressible payload, 5MiB, compresslevel=9; GZipMiddleware minimum_size=0; source response input declares application/json and a content-length derived from the payload size.",ASGI HTTP scope with accept-encoding: gzip; static app supplies a response-start and one body message; receive callback raises if the app requests a body.,test_gzip selectors: two sent messages; response-start type and content-encoding header; response-body type and bytes; gzip.decompress(body) equals the supplied payload.,"benchmark.pedantic(runner.run, rounds=1): one full GZipMiddleware ASGI call with responder construction, fresh inner message containers, header handling, compression, and send collection; payload/message, app/scope/runner construction and decompression assertion are outside timing.",,The active manifest does not map this exact source benchmark input and timed boundary to a parity case; related GZip workflows cover narrower behaviors with different stimuli.
test_gzip[incompressible-10MiB-level-1],gzip,benchmarks/gzip_benchmark.py,"deterministic incompressible payload, 10MiB, compresslevel=1; GZipMiddleware minimum_size=0; source response input declares application/json and a content-length derived from the payload size.",ASGI HTTP scope with accept-encoding: gzip; static app supplies a response-start and one body message; receive callback raises if the app requests a body.,test_gzip selectors: two sent messages; response-start type and content-encoding header; response-body type and bytes; gzip.decompress(body) equals the supplied payload.,"benchmark.pedantic(runner.run, rounds=1): one full GZipMiddleware ASGI call with responder construction, fresh inner message containers, header handling, compression, and send collection; payload/message, app/scope/runner construction and decompression assertion are outside timing.",,The active manifest does not map this exact source benchmark input and timed boundary to a parity case; related GZip workflows cover narrower behaviors with different stimuli.
test_gzip[incompressible-10MiB-level-6],gzip,benchmarks/gzip_benchmark.py,"deterministic incompressible payload, 10MiB, compresslevel=6; GZipMiddleware minimum_size=0; source response input declares application/json and a content-length derived from the payload size.",ASGI HTTP scope with accept-encoding: gzip; static app supplies a response-start and one body message; receive callback raises if the app requests a body.,test_gzip selectors: two sent messages; response-start type and content-encoding header; response-body type and bytes; gzip.decompress(body) equals the supplied payload.,"benchmark.pedantic(runner.run, rounds=1): one full GZipMiddleware ASGI call with responder construction, fresh inner message containers, header handling, compression, and send collection; payload/message, app/scope/runner construction and decompression assertion are outside timing.",,The active manifest does not map this exact source benchmark input and timed boundary to a parity case; related GZip workflows cover narrower behaviors with different stimuli.
test_gzip[incompressible-10MiB-level-9],gzip,benchmarks/gzip_benchmark.py,"deterministic incompressible payload, 10MiB, compresslevel=9; GZipMiddleware minimum_size=0; source response input declares application/json and a content-length derived from the payload size.",ASGI HTTP scope with accept-encoding: gzip; static app supplies a response-start and one body message; receive callback raises if the app requests a body.,test_gzip selectors: two sent messages; response-start type and content-encoding header; response-body type and bytes; gzip.decompress(body) equals the supplied payload.,"benchmark.pedantic(runner.run, rounds=1): one full GZipMiddleware ASGI call with responder construction, fresh inner message containers, header handling, compression, and send collection; payload/message, app/scope/runner construction and decompression assertion are outside timing.",,The active manifest does not map this exact source benchmark input and timed boundary to a parity case; related GZip workflows cover narrower behaviors with different stimuli.
test_gzip_event_loop_responsiveness,gzip,benchmarks/gzip_benchmark.py,Large source response uses deterministic JSON payload of 10MiB; tiny source response uses a two-byte body; both GZipMiddleware instances use compresslevel=9 and default minimum_size.,Shared ASGI HTTP scope with accept-encoding: gzip; schedule the large and tiny response apps concurrently on one event loop after warming the AnyIO worker.,"ResponsePair.drain_and_validate selectors: large response has two messages, gzip response-start, body bytes that decompress to the supplied large payload; tiny response has two messages, no gzip content-encoding, and a body matching its supplied response message.","benchmark.pedantic(responsiveness.run_until_tiny_response, rounds=1): measures scheduling both tasks and waiting for the tiny response; payload/app creation and worker warmup are setup, while large-task draining and response validation occur in teardown outside the timed call.",,The active manifest does not map this exact source benchmark input and timed boundary to a parity case; related GZip workflows cover narrower behaviors with different stimuli.
test_gzip_bypass[below-minimum-size],gzip,benchmarks/gzip_benchmark.py,below-minimum-size bypass; body_size=499B; GZipMiddleware minimum_size=500; source response content-type=application/json; source response input has one body message with the configured body length.,ASGI HTTP scope with accept-encoding: gzip.,test_gzip_bypass selector: sent ASGI message sequence equals the preconstructed response message sequence supplied to the static app.,"benchmark.pedantic(runner.run, rounds=1): complete GZipMiddleware ASGI call and send collection; bypass-message construction, middleware/scope/runner construction, and message-sequence assertion are outside timing.",,The active manifest does not map this exact source benchmark input and timed boundary to a parity case; related GZip workflows cover narrower behaviors with different stimuli.
test_gzip_bypass[content-encoding],gzip,benchmarks/gzip_benchmark.py,content-encoding bypass; body_size=1MiB; GZipMiddleware minimum_size=500; source response content-type=application/json; existing Content-Encoding: br; source response input has one body message with the configured body length.,ASGI HTTP scope with accept-encoding: gzip.,test_gzip_bypass selector: sent ASGI message sequence equals the preconstructed response message sequence supplied to the static app.,"benchmark.pedantic(runner.run, rounds=1): complete GZipMiddleware ASGI call and send collection; bypass-message construction, middleware/scope/runner construction, and message-sequence assertion are outside timing.",,The active manifest does not map this exact source benchmark input and timed boundary to a parity case; related GZip workflows cover narrower behaviors with different stimuli.
test_gzip_bypass[event-stream],gzip,benchmarks/gzip_benchmark.py,event-stream bypass; body_size=1MiB; GZipMiddleware minimum_size=500; source response content-type=text/event-stream; source response input has one body message with the configured body length.,ASGI HTTP scope with accept-encoding: gzip.,test_gzip_bypass selector: sent ASGI message sequence equals the preconstructed response message sequence supplied to the static app.,"benchmark.pedantic(runner.run, rounds=1): complete GZipMiddleware ASGI call and send collection; bypass-message construction, middleware/scope/runner construction, and message-sequence assertion are outside timing.",,The active manifest does not map this exact source benchmark input and timed boundary to a parity case; related GZip workflows cover narrower behaviors with different stimuli.
test_gzip_bypass[pathsend],gzip,benchmarks/gzip_benchmark.py,pathsend bypass; body_size=1MiB; GZipMiddleware minimum_size=500; source response content-type=application/json; source response input ends with http.response.pathsend using the benchmark path.,ASGI HTTP scope with accept-encoding: gzip. Include the http.response.pathsend extension in the scope.,test_gzip_bypass selector: sent ASGI message sequence equals the preconstructed response message sequence supplied to the static app.,"benchmark.pedantic(runner.run, rounds=1): complete GZipMiddleware ASGI call and send collection; bypass-message construction, middleware/scope/runner construction, and message-sequence assertion are outside timing.",,The active manifest does not map this exact source benchmark input and timed boundary to a parity case; related GZip workflows cover narrower behaviors with different stimuli.
