name,version,role,why_selected_or_parent_chain,locked_transitive_dependencies,dependency_groups,reported_license,implementation_classifiers,wheel_or_native_review_note,metadata_source,metadata_snapshot_date,license_review_status
anyio,4.14.2,runtime-required,"Async task groups, cancellation, thread offload, and backend-neutral concurrency.","exceptiongroup, idna, typing-extensions","dev, optional-full, runtime-required",MIT,Python; Python :: 3; Python :: 3.10; Python :: 3.11; Python :: 3.12; Python :: 3.13; Python :: 3.14; Python :: 3.15,universal Python wheel(s); native implementation not inferred,https://pypi.org/pypi/anyio/4.14.2/json,2026-09-27,metadata snapshot; archive/license text review pending
ast-serialize,0.6.0,transitive-only,Transitive dependency required by: mypy,,dev,MIT,Python :: 3; Python :: 3.10; Python :: 3.11; Python :: 3.12; Python :: 3.13; Python :: 3.14; Python :: 3.9; Rust,platform-specific wheel(s); inspect for native/runtime components,https://pypi.org/pypi/ast-serialize/0.6.0/json,2026-09-27,metadata snapshot; archive/license text review pending
attrs,25.3.0,transitive-only,"Transitive dependency required by: outcome, trio",,"dev, parity",MIT,Python :: 3.10; Python :: 3.11; Python :: 3.12; Python :: 3.13; Python :: 3.8; Python :: 3.9; Python :: Implementation :: CPython; Python :: Implementation :: PyPy,universal Python wheel(s); native implementation not inferred,https://pypi.org/pypi/attrs/25.3.0/json,2026-09-27,metadata snapshot; archive/license text review pending
backports-tarfile,1.2.0,transitive-only,Transitive dependency required by: jaraco-context,,dev-package-check,MIT License,Python :: 3; Python :: 3 :: Only,universal Python wheel(s); native implementation not inferred,https://pypi.org/pypi/backports-tarfile/1.2.0/json,2026-09-27,metadata snapshot; archive/license text review pending
black,26.5.1,docs,Format Python snippets in documentation.,"click, mypy-extensions, packaging, pathspec, platformdirs, pytokens, tomli, typing-extensions",docs,MIT,Python; Python :: 3 :: Only; Python :: 3.10; Python :: 3.11; Python :: 3.12; Python :: 3.13; Python :: 3.14; Python :: 3.15,platform-specific wheel(s); inspect for native/runtime components,https://pypi.org/pypi/black/26.5.1/json,2026-09-27,metadata snapshot; archive/license text review pending
certifi,2025.8.3,transitive-only,"Transitive dependency required by: httpcore, httpx, requests",,"dev-package-check, optional-full",MPL-2.0,Python; Python :: 3; Python :: 3 :: Only; Python :: 3.10; Python :: 3.11; Python :: 3.12; Python :: 3.13; Python :: 3.7; Python :: 3.8; Python :: 3.9,universal Python wheel(s); native implementation not inferred,https://pypi.org/pypi/certifi/2025.8.3/json,2026-09-27,metadata snapshot; archive/license text review pending
cffi,2.0.0,transitive-only,"Transitive dependency required by: cryptography, trio",pycparser,"dev, dev-package-check, parity",MIT,Python; Python :: 3; Python :: 3.10; Python :: 3.11; Python :: 3.12; Python :: 3.13; Python :: 3.14; Python :: 3.9; Python :: Free Threading :: 2 - Beta; Python :: Implementation :: CPython,platform-specific wheel(s); inspect for native/runtime components,https://pypi.org/pypi/cffi/2.0.0/json,2026-09-27,metadata snapshot; archive/license text review pending
charset-normalizer,3.4.3,transitive-only,Transitive dependency required by: requests,,dev-package-check,MIT,Python; Python :: 3; Python :: 3 :: Only; Python :: 3.10; Python :: 3.11; Python :: 3.12; Python :: 3.13; Python :: 3.14; Python :: 3.7; Python :: 3.8; Python :: 3.9; Python :: Implementation :: CPython; Python :: Implementation :: PyPy,platform-specific wheel(s); inspect for native/runtime components,https://pypi.org/pypi/charset-normalizer/3.4.3/json,2026-09-27,metadata snapshot; archive/license text review pending
click,8.2.1,transitive-only,"Transitive dependency required by: black, mkdocs, zensical",colorama,docs,BSD-3-Clause,Python,universal Python wheel(s); native implementation not inferred,https://pypi.org/pypi/click/8.2.1/json,2026-09-27,metadata snapshot; archive/license text review pending
colorama,0.4.6,transitive-only,"Transitive dependency required by: click, mkdocs, pytest",,"dev, dev-benchmark, docs",BSD License,Python; Python :: 2; Python :: 2.7; Python :: 3; Python :: 3.10; Python :: 3.7; Python :: 3.8; Python :: 3.9; Python :: Implementation :: CPython; Python :: Implementation :: PyPy,universal Python wheel(s); native implementation not inferred,https://pypi.org/pypi/colorama/0.4.6/json,2026-09-27,metadata snapshot; archive/license text review pending
coverage,7.15.2,dev,Coverage collection/reporting.,,dev,Apache-2.0,Python; Python :: 3; Python :: 3.10; Python :: 3.11; Python :: 3.12; Python :: 3.13; Python :: 3.14; Python :: 3.15; Python :: 3.16; Python :: Free Threading :: 3 - Stable; Python :: Implementation :: CPython; Python :: Implementation :: PyPy,platform-specific wheel(s); inspect for native/runtime components,https://pypi.org/pypi/coverage/7.15.2/json,2026-09-27,metadata snapshot; archive/license text review pending
cryptography,48.0.1,transitive-only,Transitive dependency required by: secretstorage,"cffi, typing-extensions",dev-package-check,Apache-2.0 OR BSD-3-Clause,Python; Python :: 3; Python :: 3 :: Only; Python :: 3.10; Python :: 3.11; Python :: 3.12; Python :: 3.13; Python :: 3.14; Python :: 3.9; Python :: Free Threading :: 3 - Stable; Python :: Implementation :: CPython; Python :: Implementation :: PyPy,platform-specific wheel(s); inspect for native/runtime components,https://pypi.org/pypi/cryptography/48.0.1/json,2026-09-27,metadata snapshot; archive/license text review pending
deepmerge,2.0,transitive-only,Transitive dependency required by: zensical,,docs,MIT Licence,Python :: 3 :: Only; Python :: 3.10; Python :: 3.11; Python :: 3.12; Python :: 3.8; Python :: 3.9,universal Python wheel(s); native implementation not inferred,https://pypi.org/pypi/deepmerge/2.0/json,2026-09-27,metadata snapshot; archive/license text review pending
docutils,0.22,transitive-only,Transitive dependency required by: readme-renderer,,dev-package-check,BSD License,Python; Python :: 3; Python :: 3 :: Only; Python :: 3.10; Python :: 3.11; Python :: 3.12; Python :: 3.13; Python :: 3.14; Python :: 3.9,universal Python wheel(s); native implementation not inferred,https://pypi.org/pypi/docutils/0.22/json,2026-09-27,metadata snapshot; archive/license text review pending
exceptiongroup,1.3.0,transitive-only,"Transitive dependency required by: anyio, pytest, trio",typing-extensions,"dev, dev-benchmark, optional-full, runtime-required",MIT License,Python; Python :: 3 :: Only,universal Python wheel(s); native implementation not inferred,https://pypi.org/pypi/exceptiongroup/1.3.0/json,2026-09-27,metadata snapshot; archive/license text review pending
ghp-import,2.1.0,transitive-only,Transitive dependency required by: mkdocs,python-dateutil,docs,Apache Software License,Python; Python :: 2; Python :: 3,universal Python wheel(s); native implementation not inferred,https://pypi.org/pypi/ghp-import/2.1.0/json,2026-09-27,metadata snapshot; archive/license text review pending
griffelib,2.0.0,transitive-only,Transitive dependency required by: mkdocstrings-python,,docs,ISC,Python; Python :: 3; Python :: 3 :: Only; Python :: 3.10; Python :: 3.11; Python :: 3.12; Python :: 3.13; Python :: 3.14,universal Python wheel(s); native implementation not inferred,https://pypi.org/pypi/griffelib/2.0.0/json,2026-09-27,metadata snapshot; archive/license text review pending
h11,0.16.0,transitive-only,"Transitive dependency required by: httpcore, httpcore2",,"dev, optional-full",MIT,Python :: 3; Python :: 3 :: Only; Python :: 3.10; Python :: 3.11; Python :: 3.12; Python :: 3.8; Python :: 3.9; Python :: Implementation :: CPython; Python :: Implementation :: PyPy,universal Python wheel(s); native implementation not inferred,https://pypi.org/pypi/h11/0.16.0/json,2026-09-27,metadata snapshot; archive/license text review pending
httpcore,1.0.9,transitive-only,Transitive dependency required by: httpx,"certifi, h11",optional-full,BSD-3-Clause,Python :: 3; Python :: 3 :: Only; Python :: 3.10; Python :: 3.11; Python :: 3.12; Python :: 3.8; Python :: 3.9,universal Python wheel(s); native implementation not inferred,https://pypi.org/pypi/httpcore/1.0.9/json,2026-09-27,metadata snapshot; archive/license text review pending
httpcore2,2.9.1,transitive-only,Transitive dependency required by: httpx2,"h11, truststore","dev, optional-full",BSD-3-Clause,Python :: 3; Python :: 3 :: Only; Python :: 3.10; Python :: 3.11; Python :: 3.12; Python :: 3.13; Python :: 3.14,universal Python wheel(s); native implementation not inferred,https://pypi.org/pypi/httpcore2/2.9.1/json,2026-09-27,metadata snapshot; archive/license text review pending
httpx,0.28.1,optional-full,Deprecated TestClient transport/backend compatibility.,"anyio, certifi, httpcore, idna",optional-full,BSD-3-Clause,Python :: 3; Python :: 3 :: Only; Python :: 3.10; Python :: 3.11; Python :: 3.12; Python :: 3.8; Python :: 3.9,universal Python wheel(s); native implementation not inferred,https://pypi.org/pypi/httpx/0.28.1/json,2026-09-27,metadata snapshot; archive/license text review pending
httpx2,2.9.1,optional-full+dev,Preferred TestClient backend; zstd extra is enabled in dev.,"anyio, httpcore2, idna, truststore, typing-extensions, zstandard","dev, optional-full",BSD-3-Clause,Python :: 3; Python :: 3 :: Only; Python :: 3.10; Python :: 3.11; Python :: 3.12; Python :: 3.13; Python :: 3.14,universal Python wheel(s); native implementation not inferred,https://pypi.org/pypi/httpx2/2.9.1/json,2026-09-27,metadata snapshot; archive/license text review pending
id,1.5.0,transitive-only,Transitive dependency required by: twine,requests,dev-package-check,Apache Software License,Python :: 3; Python :: 3 :: Only; Python :: 3.10; Python :: 3.11; Python :: 3.12; Python :: 3.13; Python :: 3.8; Python :: 3.9,universal Python wheel(s); native implementation not inferred,https://pypi.org/pypi/id/1.5.0/json,2026-09-27,metadata snapshot; archive/license text review pending
idna,3.18,transitive-only,"Transitive dependency required by: anyio, httpx, httpx2, requests, trio",,"dev, dev-package-check, optional-full, runtime-required",BSD-3-Clause,Python; Python :: 3; Python :: 3 :: Only; Python :: 3.10; Python :: 3.11; Python :: 3.12; Python :: 3.13; Python :: 3.14; Python :: 3.9; Python :: Implementation :: CPython; Python :: Implementation :: PyPy,universal Python wheel(s); native implementation not inferred,https://pypi.org/pypi/idna/3.18/json,2026-09-27,metadata snapshot; archive/license text review pending
importlib-metadata,9.0.0,dev,Distribution metadata compatibility checks.,zipp,"dev, dev-package-check",Apache-2.0,Python :: 3; Python :: 3 :: Only,universal Python wheel(s); native implementation not inferred,https://pypi.org/pypi/importlib-metadata/9.0.0/json,2026-09-27,metadata snapshot; archive/license text review pending
iniconfig,2.1.0,transitive-only,Transitive dependency required by: pytest,,"dev, dev-benchmark",MIT,Python :: 3; Python :: 3 :: Only; Python :: 3.10; Python :: 3.11; Python :: 3.12; Python :: 3.13; Python :: 3.8; Python :: 3.9,universal Python wheel(s); native implementation not inferred,https://pypi.org/pypi/iniconfig/2.1.0/json,2026-09-27,metadata snapshot; archive/license text review pending
itsdangerous,2.2.0,optional-full,Signing and validating SessionMiddleware cookies.,,optional-full,BSD License,Python,universal Python wheel(s); native implementation not inferred,https://pypi.org/pypi/itsdangerous/2.2.0/json,2026-09-27,metadata snapshot; archive/license text review pending
jaraco-classes,3.4.0,transitive-only,Transitive dependency required by: keyring,more-itertools,dev-package-check,MIT License,Python :: 3; Python :: 3 :: Only,universal Python wheel(s); native implementation not inferred,https://pypi.org/pypi/jaraco-classes/3.4.0/json,2026-09-27,metadata snapshot; archive/license text review pending
jaraco-context,6.0.1,transitive-only,Transitive dependency required by: keyring,backports-tarfile,dev-package-check,MIT License,Python :: 3; Python :: 3 :: Only,universal Python wheel(s); native implementation not inferred,https://pypi.org/pypi/jaraco-context/6.0.1/json,2026-09-27,metadata snapshot; archive/license text review pending
jaraco-functools,4.3.0,transitive-only,Transitive dependency required by: keyring,more-itertools,dev-package-check,MIT,Python :: 3; Python :: 3 :: Only,universal Python wheel(s); native implementation not inferred,https://pypi.org/pypi/jaraco-functools/4.3.0/json,2026-09-27,metadata snapshot; archive/license text review pending
jeepney,0.9.0,transitive-only,"Transitive dependency required by: keyring, secretstorage",,dev-package-check,MIT,Python :: 3,universal Python wheel(s); native implementation not inferred,https://pypi.org/pypi/jeepney/0.9.0/json,2026-09-27,metadata snapshot; archive/license text review pending
jinja2,3.1.6,optional-full,Rendering Jinja2Templates.,markupsafe,"docs, optional-full",BSD License,Python,universal Python wheel(s); native implementation not inferred,https://pypi.org/pypi/jinja2/3.1.6/json,2026-09-27,metadata snapshot; archive/license text review pending
keyring,25.6.0,transitive-only,Transitive dependency required by: twine,"importlib-metadata, jaraco-classes, jaraco-context, jaraco-functools, jeepney, pywin32-ctypes, secretstorage",dev-package-check,MIT License,Python :: 3; Python :: 3 :: Only,universal Python wheel(s); native implementation not inferred,https://pypi.org/pypi/keyring/25.6.0/json,2026-09-27,metadata snapshot; archive/license text review pending
librt,0.13.0,transitive-only,Transitive dependency required by: mypy,,dev,MIT,Python :: 3; Python :: 3.10; Python :: 3.11; Python :: 3.12; Python :: 3.13; Python :: 3.14; Python :: 3.9,platform-specific wheel(s); inspect for native/runtime components,https://pypi.org/pypi/librt/0.13.0/json,2026-09-27,metadata snapshot; archive/license text review pending
markdown,3.9,transitive-only,"Transitive dependency required by: mkdocs, mkdocs-autorefs, mkdocstrings, pymdown-extensions, zensical",,docs,BSD-3-Clause,Python; Python :: 3; Python :: 3 :: Only; Python :: 3.10; Python :: 3.11; Python :: 3.12; Python :: 3.13; Python :: 3.9; Python :: Implementation :: CPython; Python :: Implementation :: PyPy,universal Python wheel(s); native implementation not inferred,https://pypi.org/pypi/markdown/3.9/json,2026-09-27,metadata snapshot; archive/license text review pending
markdown-it-py,4.0.0,transitive-only,Transitive dependency required by: rich,mdurl,"dev-benchmark, dev-package-check",MIT License,Python :: 3; Python :: 3.10; Python :: 3.11; Python :: 3.12; Python :: 3.13; Python :: Implementation :: CPython; Python :: Implementation :: PyPy,universal Python wheel(s); native implementation not inferred,https://pypi.org/pypi/markdown-it-py/4.0.0/json,2026-09-27,metadata snapshot; archive/license text review pending
markupsafe,3.0.2,transitive-only,"Transitive dependency required by: jinja2, mkdocs, mkdocs-autorefs, mkdocstrings",,"docs, optional-full","Copyright 2010 Pallets Redistribution and use in source and binary forms, with or without modification, are permitted provided that the following conditions are met: 1. Redistributions of source code must retain the above copyright notice, this list of conditions and the following disclaimer. 2. Redistributions in binary form must reproduce the above copyright notice, this list of conditions and the following disclaimer in the documentation and/or other materials provided with the distribution. 3. Neither the name of the copyright holder nor the names of its contributors may be used to endorse or promote products derived from this software without specific prior written permission. THIS SOFTWARE IS PROVIDED BY THE COPYRIGHT HOLDERS AND CONTRIBUTORS ""AS IS"" AND ANY EXPRESS OR IMPLIED WARRANTIES, INCLUDING, BUT NOT LIMITED TO, THE IMPLIED WARRANTIES OF MERCHANTABILITY AND FITNESS FOR A PARTICULAR PURPOSE ARE DISCLAIMED. IN NO EVENT SHALL THE COPYRIGHT HOLDER OR CONTRIBUTORS BE LIABLE FOR ANY DIRECT, INDIRECT, INCIDENTAL, SPECIAL, EXEMPLARY, OR CONSEQUENTIAL DAMAGES (INCLUDING, BUT NOT LIMITED TO, PROCUREMENT OF SUBSTITUTE GOODS OR SERVICES; LOSS OF USE, DATA, OR PROFITS; OR BUSINESS INTERRUPTION) HOWEVER CAUSED AND ON ANY THEORY OF LIABILITY, WHETHER IN CONTRACT, STRICT LIABILITY, OR TORT (INCLUDING NEGLIGENCE OR OTHERWISE) ARISING IN ANY WAY OUT OF THE USE OF THIS SOFTWARE, EVEN IF ADVISED OF THE POSSIBILITY OF SUCH DAMAGE.",Python,platform-specific wheel(s); inspect for native/runtime components,https://pypi.org/pypi/markupsafe/3.0.2/json,2026-09-27,metadata snapshot; archive/license text review pending
mdurl,0.1.2,transitive-only,Transitive dependency required by: markdown-it-py,,"dev-benchmark, dev-package-check",MIT License,Python :: 3 :: Only; Python :: 3.10; Python :: 3.7; Python :: 3.8; Python :: 3.9; Python :: Implementation :: CPython; Python :: Implementation :: PyPy,universal Python wheel(s); native implementation not inferred,https://pypi.org/pypi/mdurl/0.1.2/json,2026-09-27,metadata snapshot; archive/license text review pending
mergedeep,1.3.4,transitive-only,"Transitive dependency required by: mkdocs, mkdocs-get-deps",,docs,MIT License,Python :: 3; Python :: 3.6; Python :: 3.7; Python :: 3.8; Python :: 3.9,universal Python wheel(s); native implementation not inferred,https://pypi.org/pypi/mergedeep/1.3.4/json,2026-09-27,metadata snapshot; archive/license text review pending
mkdocs,1.6.1,transitive-only,"Transitive dependency required by: mkdocs-autorefs, mkdocstrings","click, colorama, ghp-import, jinja2, markdown, markupsafe, mergedeep, mkdocs-get-deps, packaging, pathspec, pyyaml, pyyaml-env-tag, watchdog",docs,BSD License,Python; Python :: 3; Python :: 3 :: Only; Python :: 3.10; Python :: 3.11; Python :: 3.12; Python :: 3.8; Python :: 3.9; Python :: Implementation :: CPython; Python :: Implementation :: PyPy,universal Python wheel(s); native implementation not inferred,https://pypi.org/pypi/mkdocs/1.6.1/json,2026-09-27,metadata snapshot; archive/license text review pending
mkdocs-autorefs,1.4.3,transitive-only,"Transitive dependency required by: mkdocstrings, mkdocstrings-python","markdown, markupsafe, mkdocs",docs,ISC,Python; Python :: 3; Python :: 3 :: Only; Python :: 3.10; Python :: 3.11; Python :: 3.12; Python :: 3.13; Python :: 3.14; Python :: 3.9,universal Python wheel(s); native implementation not inferred,https://pypi.org/pypi/mkdocs-autorefs/1.4.3/json,2026-09-27,metadata snapshot; archive/license text review pending
mkdocs-get-deps,0.2.0,transitive-only,Transitive dependency required by: mkdocs,"mergedeep, platformdirs, pyyaml",docs,MIT License,Python; Python :: 3.10; Python :: 3.11; Python :: 3.12; Python :: 3.8; Python :: 3.9,universal Python wheel(s); native implementation not inferred,https://pypi.org/pypi/mkdocs-get-deps/0.2.0/json,2026-09-27,metadata snapshot; archive/license text review pending
mkdocstrings,1.0.6,docs,Render API documentation.,"jinja2, markdown, markupsafe, mkdocs, mkdocs-autorefs, pymdown-extensions",docs,ISC,Python; Python :: 3; Python :: 3 :: Only; Python :: 3.10; Python :: 3.11; Python :: 3.12; Python :: 3.13; Python :: 3.14,universal Python wheel(s); native implementation not inferred,https://pypi.org/pypi/mkdocstrings/1.0.6/json,2026-09-27,metadata snapshot; archive/license text review pending
mkdocstrings-python,2.0.5,docs,Python API documentation handler.,"griffelib, mkdocs-autorefs, mkdocstrings, typing-extensions",docs,ISC,Python; Python :: 3; Python :: 3 :: Only; Python :: 3.10; Python :: 3.11; Python :: 3.12; Python :: 3.13; Python :: 3.14,universal Python wheel(s); native implementation not inferred,https://pypi.org/pypi/mkdocstrings-python/2.0.5/json,2026-09-27,metadata snapshot; archive/license text review pending
more-itertools,10.8.0,transitive-only,"Transitive dependency required by: jaraco-classes, jaraco-functools",,dev-package-check,MIT,Python :: 3; Python :: 3 :: Only; Python :: 3.10; Python :: 3.11; Python :: 3.12; Python :: 3.13; Python :: 3.9; Python :: Implementation :: CPython; Python :: Implementation :: PyPy,universal Python wheel(s); native implementation not inferred,https://pypi.org/pypi/more-itertools/10.8.0/json,2026-09-27,metadata snapshot; archive/license text review pending
mypy,2.1.0,dev,Strict type checking.,"ast-serialize, librt, mypy-extensions, pathspec, tomli, typing-extensions",dev,MIT,Python :: 3; Python :: 3.10; Python :: 3.11; Python :: 3.12; Python :: 3.13; Python :: 3.14,platform-specific wheel(s); inspect for native/runtime components,https://pypi.org/pypi/mypy/2.1.0/json,2026-09-27,metadata snapshot; archive/license text review pending
mypy-extensions,1.1.0,transitive-only,"Transitive dependency required by: black, mypy",,"dev, docs",UNSPECIFIED; inspect release license files,Python :: 3; Python :: 3.10; Python :: 3.11; Python :: 3.12; Python :: 3.13; Python :: 3.8; Python :: 3.9,universal Python wheel(s); native implementation not inferred,https://pypi.org/pypi/mypy-extensions/1.1.0/json,2026-09-27,metadata snapshot; archive/license text review pending
nh3,0.3.0,transitive-only,Transitive dependency required by: readme-renderer,,dev-package-check,MIT,Python :: Implementation :: CPython; Python :: Implementation :: PyPy; Rust,platform-specific wheel(s); inspect for native/runtime components,https://pypi.org/pypi/nh3/0.3.0/json,2026-09-27,metadata snapshot; archive/license text review pending
outcome,1.3.0.post0,transitive-only,Transitive dependency required by: trio,attrs,"dev, parity",MIT OR Apache-2.0,Python :: 3.10; Python :: 3.7; Python :: 3.8; Python :: 3.9; Python :: Implementation :: CPython; Python :: Implementation :: PyPy,universal Python wheel(s); native implementation not inferred,https://pypi.org/pypi/outcome/1.3.0.post0/json,2026-09-27,metadata snapshot; archive/license text review pending
packaging,26.2,transitive-only,"Transitive dependency required by: black, mkdocs, pytest, twine",,"dev, dev-benchmark, dev-package-check, docs",Apache-2.0 OR BSD-2-Clause,Python; Python :: 3; Python :: 3 :: Only; Python :: 3.10; Python :: 3.11; Python :: 3.12; Python :: 3.13; Python :: 3.14; Python :: 3.8; Python :: 3.9; Python :: Free Threading :: 4 - Resilient; Python :: Implementation :: CPython; Python :: Implementation :: PyPy,universal Python wheel(s); native implementation not inferred,https://pypi.org/pypi/packaging/26.2/json,2026-09-27,metadata snapshot; archive/license text review pending
pathspec,1.0.4,transitive-only,"Transitive dependency required by: black, mkdocs, mypy",,"dev, docs",Mozilla Public License 2.0 (MPL 2.0),Python; Python :: 3; Python :: 3.10; Python :: 3.11; Python :: 3.12; Python :: 3.13; Python :: 3.14; Python :: 3.9; Python :: Implementation :: CPython; Python :: Implementation :: PyPy,universal Python wheel(s); native implementation not inferred,https://pypi.org/pypi/pathspec/1.0.4/json,2026-09-27,metadata snapshot; archive/license text review pending
platformdirs,4.4.0,transitive-only,"Transitive dependency required by: black, mkdocs-get-deps",,docs,MIT,Python; Python :: 3 :: Only; Python :: 3.10; Python :: 3.11; Python :: 3.12; Python :: 3.13; Python :: 3.9; Python :: Implementation :: CPython; Python :: Implementation :: PyPy,universal Python wheel(s); native implementation not inferred,https://pypi.org/pypi/platformdirs/4.4.0/json,2026-09-27,metadata snapshot; archive/license text review pending
pluggy,1.6.0,transitive-only,Transitive dependency required by: pytest,,"dev, dev-benchmark",MIT,Python :: 3; Python :: 3 :: Only; Python :: 3.10; Python :: 3.11; Python :: 3.12; Python :: 3.13; Python :: 3.9; Python :: Implementation :: CPython; Python :: Implementation :: PyPy,universal Python wheel(s); native implementation not inferred,https://pypi.org/pypi/pluggy/1.6.0/json,2026-09-27,metadata snapshot; archive/license text review pending
pycparser,2.22,transitive-only,Transitive dependency required by: cffi,,"dev, dev-package-check, parity",BSD-3-Clause,Python :: 3; Python :: 3.10; Python :: 3.11; Python :: 3.12; Python :: 3.8; Python :: 3.9,universal Python wheel(s); native implementation not inferred,https://pypi.org/pypi/pycparser/2.22/json,2026-09-27,metadata snapshot; archive/license text review pending
pygments,2.20.0,transitive-only,"Transitive dependency required by: pytest, readme-renderer, rich, zensical",,"dev, dev-benchmark, dev-package-check, docs",BSD-2-Clause,Python; Python :: 3; Python :: 3.10; Python :: 3.11; Python :: 3.12; Python :: 3.13; Python :: 3.14; Python :: 3.9; Python :: Implementation :: CPython; Python :: Implementation :: PyPy,universal Python wheel(s); native implementation not inferred,https://pypi.org/pypi/pygments/2.20.0/json,2026-09-27,metadata snapshot; archive/license text review pending
pymdown-extensions,11.0.1,transitive-only,"Transitive dependency required by: mkdocstrings, zensical","markdown, pyyaml",docs,MIT,Python :: 3; Python :: 3.10; Python :: 3.11; Python :: 3.12; Python :: 3.13; Python :: 3.14,universal Python wheel(s); native implementation not inferred,https://pypi.org/pypi/pymdown-extensions/11.0.1/json,2026-09-27,metadata snapshot; archive/license text review pending
pytest,9.1.1,dev,Upstream test runner.,"colorama, exceptiongroup, iniconfig, packaging, pluggy, pygments, tomli","dev, dev-benchmark",MIT,Python :: 3 :: Only; Python :: 3.10; Python :: 3.11; Python :: 3.12; Python :: 3.13; Python :: 3.14; Python :: 3.15,universal Python wheel(s); native implementation not inferred,https://pypi.org/pypi/pytest/9.1.1/json,2026-09-27,metadata snapshot; archive/license text review pending
pytest-codspeed,5.0.3,dev-benchmark,CodSpeed benchmark integration.,"pytest, rich",dev-benchmark,"The MIT License (MIT) Copyright (c) 2022 CodSpeed and contributors Permission is hereby granted, free of charge, to any person obtaining a copy of this software and associated documentation files (the ""Software""), to deal in the Software without restriction, including without limitation the rights to use, copy, modify, merge, publish, distribute, sublicense, and/or sell copies of the Software, and to permit persons to whom the Software is furnished to do so, subject to the following conditions: The above copyright notice and this permission notice shall be included in all copies or substantial portions of the Software. THE SOFTWARE IS PROVIDED ""AS IS"", WITHOUT WARRANTY OF ANY KIND, EXPRESS OR IMPLIED, INCLUDING BUT NOT LIMITED TO THE WARRANTIES OF MERCHANTABILITY, FITNESS FOR A PARTICULAR PURPOSE AND NONINFRINGEMENT. IN NO EVENT SHALL THE AUTHORS OR COPYRIGHT HOLDERS BE LIABLE FOR ANY CLAIM, DAMAGES OR OTHER LIABILITY, WHETHER IN AN ACTION OF CONTRACT, TORT OR OTHERWISE, ARISING FROM, OUT OF OR IN CONNECTION WITH THE SOFTWARE OR THE USE OR OTHER DEALINGS IN THE SOFTWARE.",Python :: 3; Python :: 3.10; Python :: 3.11; Python :: 3.12; Python :: 3.13; Python :: 3.14; Python :: 3.15; Python :: 3.9,platform-specific wheel(s); inspect for native/runtime components,https://pypi.org/pypi/pytest-codspeed/5.0.3/json,2026-09-27,metadata snapshot; archive/license text review pending
python-dateutil,2.9.0.post0,transitive-only,Transitive dependency required by: ghp-import,six,docs,Dual License,Python; Python :: 2; Python :: 2.7; Python :: 3; Python :: 3.10; Python :: 3.11; Python :: 3.12; Python :: 3.3; Python :: 3.4; Python :: 3.5; Python :: 3.6; Python :: 3.7; Python :: 3.8; Python :: 3.9,universal Python wheel(s); native implementation not inferred,https://pypi.org/pypi/python-dateutil/2.9.0.post0/json,2026-09-27,metadata snapshot; archive/license text review pending
python-multipart,0.0.32,optional-full,Parsing multipart forms and uploaded files.,,optional-full,Apache-2.0,Python :: 3; Python :: 3 :: Only; Python :: 3.10; Python :: 3.11; Python :: 3.12; Python :: 3.13; Python :: 3.14,universal Python wheel(s); native implementation not inferred,https://pypi.org/pypi/python-multipart/0.0.32/json,2026-09-27,metadata snapshot; archive/license text review pending
pytokens,0.4.1,transitive-only,Transitive dependency required by: black,,docs,"MIT License Copyright (c) 2024 Tushar Sadhwani Permission is hereby granted, free of charge, to any person obtaining a copy of this software and associated documentation files (the ""Software""), to deal in the Software without restriction, including without limitation the rights to use, copy, modify, merge, publish, distribute, sublicense, and/or sell copies of the Software, and to permit persons to whom the Software is furnished to do so, subject to the following conditions: The above copyright notice and this permission notice shall be included in all copies or substantial portions of the Software. THE SOFTWARE IS PROVIDED ""AS IS"", WITHOUT WARRANTY OF ANY KIND, EXPRESS OR IMPLIED, INCLUDING BUT NOT LIMITED TO THE WARRANTIES OF MERCHANTABILITY, FITNESS FOR A PARTICULAR PURPOSE AND NONINFRINGEMENT. IN NO EVENT SHALL THE AUTHORS OR COPYRIGHT HOLDERS BE LIABLE FOR ANY CLAIM, DAMAGES OR OTHER LIABILITY, WHETHER IN AN ACTION OF CONTRACT, TORT OR OTHERWISE, ARISING FROM, OUT OF OR IN CONNECTION WITH THE SOFTWARE OR THE USE OR OTHER DEALINGS IN THE SOFTWARE.",Python :: 3; Python :: 3 :: Only; Python :: 3.10; Python :: 3.11; Python :: 3.12; Python :: 3.13; Python :: 3.14; Python :: 3.8; Python :: 3.9; Python :: Implementation :: CPython,platform-specific wheel(s); inspect for native/runtime components,https://pypi.org/pypi/pytokens/0.4.1/json,2026-09-27,metadata snapshot; archive/license text review pending
pywin32-ctypes,0.2.3,transitive-only,Transitive dependency required by: keyring,,dev-package-check,BSD-3-Clause,Python :: 3; Python :: 3.10; Python :: 3.11; Python :: 3.6; Python :: 3.7; Python :: 3.8; Python :: 3.9,universal Python wheel(s); native implementation not inferred,https://pypi.org/pypi/pywin32-ctypes/0.2.3/json,2026-09-27,metadata snapshot; archive/license text review pending
pyyaml,6.0.3,optional-full,YAML schema support.,,"docs, optional-full",MIT,Cython; Python; Python :: 3; Python :: 3.10; Python :: 3.11; Python :: 3.12; Python :: 3.13; Python :: 3.14; Python :: 3.8; Python :: 3.9; Python :: Implementation :: CPython; Python :: Implementation :: PyPy,platform-specific wheel(s); inspect for native/runtime components,https://pypi.org/pypi/pyyaml/6.0.3/json,2026-09-27,metadata snapshot; archive/license text review pending
pyyaml-env-tag,1.1,transitive-only,Transitive dependency required by: mkdocs,pyyaml,docs,MIT,Python :: 3; Python :: 3.10; Python :: 3.11; Python :: 3.12; Python :: 3.13; Python :: 3.9,universal Python wheel(s); native implementation not inferred,https://pypi.org/pypi/pyyaml-env-tag/1.1/json,2026-09-27,metadata snapshot; archive/license text review pending
readme-renderer,44.0,transitive-only,Transitive dependency required by: twine,"docutils, nh3, pygments",dev-package-check,"Apache License, Version 2.0",Python; Python :: 3; Python :: 3 :: Only; Python :: 3.10; Python :: 3.11; Python :: 3.12; Python :: 3.9; Python :: Implementation :: CPython; Python :: Implementation :: PyPy,universal Python wheel(s); native implementation not inferred,https://pypi.org/pypi/readme-renderer/44.0/json,2026-09-27,metadata snapshot; archive/license text review pending
requests,2.33.0,transitive-only,"Transitive dependency required by: id, requests-toolbelt, twine","certifi, charset-normalizer, idna, urllib3",dev-package-check,Apache-2.0,Python; Python :: 3; Python :: 3 :: Only; Python :: 3.10; Python :: 3.11; Python :: 3.12; Python :: 3.13; Python :: 3.14; Python :: Implementation :: CPython; Python :: Implementation :: PyPy,universal Python wheel(s); native implementation not inferred,https://pypi.org/pypi/requests/2.33.0/json,2026-09-27,metadata snapshot; archive/license text review pending
requests-toolbelt,1.0.0,transitive-only,Transitive dependency required by: twine,requests,dev-package-check,Apache 2.0,Python; Python :: 2; Python :: 2.7; Python :: 3; Python :: 3.10; Python :: 3.11; Python :: 3.4; Python :: 3.5; Python :: 3.6; Python :: 3.7; Python :: 3.8; Python :: 3.9; Python :: Implementation :: CPython; Python :: Implementation :: PyPy,universal Python wheel(s); native implementation not inferred,https://pypi.org/pypi/requests-toolbelt/1.0.0/json,2026-09-27,metadata snapshot; archive/license text review pending
rfc3986,2.0.0,transitive-only,Transitive dependency required by: twine,,dev-package-check,Apache 2.0,Python; Python :: 3; Python :: 3 :: Only; Python :: 3.10; Python :: 3.7; Python :: 3.8; Python :: 3.9; Python :: Implementation :: CPython,universal Python wheel(s); native implementation not inferred,https://pypi.org/pypi/rfc3986/2.0.0/json,2026-09-27,metadata snapshot; archive/license text review pending
rich,15.0.0,transitive-only,"Transitive dependency required by: pytest-codspeed, twine","markdown-it-py, pygments","dev-benchmark, dev-package-check",MIT,Python :: 3; Python :: 3.10; Python :: 3.11; Python :: 3.12; Python :: 3.13; Python :: 3.14; Python :: 3.9,universal Python wheel(s); native implementation not inferred,https://pypi.org/pypi/rich/15.0.0/json,2026-09-27,metadata snapshot; archive/license text review pending
ruff,0.16.0,dev,Linting and formatting.,,dev,MIT,Python; Python :: 3 :: Only; Python :: 3.10; Python :: 3.11; Python :: 3.12; Python :: 3.13; Python :: 3.14; Python :: 3.7; Python :: 3.8; Python :: 3.9; Rust,platform-specific wheel(s); inspect for native/runtime components,https://pypi.org/pypi/ruff/0.16.0/json,2026-09-27,metadata snapshot; archive/license text review pending
secretstorage,3.3.3,transitive-only,Transitive dependency required by: keyring,"cryptography, jeepney",dev-package-check,BSD 3-Clause License,Python; Python :: 3 :: Only; Python :: 3.10; Python :: 3.6; Python :: 3.7; Python :: 3.8; Python :: 3.9,universal Python wheel(s); native implementation not inferred,https://pypi.org/pypi/secretstorage/3.3.3/json,2026-09-27,metadata snapshot; archive/license text review pending
six,1.17.0,transitive-only,Transitive dependency required by: python-dateutil,,docs,MIT,Python :: 2; Python :: 3,universal Python wheel(s); native implementation not inferred,https://pypi.org/pypi/six/1.17.0/json,2026-09-27,metadata snapshot; archive/license text review pending
sniffio,1.3.1,transitive-only,Transitive dependency required by: trio,,dev,MIT OR Apache-2.0,Python :: 3 :: Only; Python :: Implementation :: CPython; Python :: Implementation :: PyPy,universal Python wheel(s); native implementation not inferred,https://pypi.org/pypi/sniffio/1.3.1/json,2026-09-27,metadata snapshot; archive/license text review pending
sortedcontainers,2.4.0,transitive-only,Transitive dependency required by: trio,,"dev, parity",Apache 2.0,Python; Python :: 2; Python :: 2.7; Python :: 3; Python :: 3.2; Python :: 3.3; Python :: 3.4; Python :: 3.5; Python :: 3.6; Python :: 3.7; Python :: Implementation :: CPython; Python :: Implementation :: PyPy,universal Python wheel(s); native implementation not inferred,https://pypi.org/pypi/sortedcontainers/2.4.0/json,2026-09-27,metadata snapshot; archive/license text review pending
tomli,2.4.1,transitive-only,"Transitive dependency required by: black, mypy, pytest, zensical",,"dev, dev-benchmark, docs",MIT,Python :: 3 :: Only; Python :: Implementation :: CPython; Python :: Implementation :: PyPy,platform-specific wheel(s); inspect for native/runtime components,https://pypi.org/pypi/tomli/2.4.1/json,2026-09-27,metadata snapshot; archive/license text review pending
trio,0.33.0,dev,AnyIO alternate-backend test and TestClient parity coverage.,"attrs, cffi, exceptiongroup, idna, outcome, sniffio, sortedcontainers","dev, parity",MIT OR Apache-2.0,Python :: 3 :: Only; Python :: 3.10; Python :: 3.11; Python :: 3.12; Python :: 3.13; Python :: 3.14; Python :: Implementation :: CPython; Python :: Implementation :: PyPy,universal Python wheel(s); native implementation not inferred,https://pypi.org/pypi/trio/0.33.0/json,2026-09-27,metadata snapshot; archive/license text review pending
truststore,0.10.4,transitive-only,"Transitive dependency required by: httpcore2, httpx2",,"dev, optional-full",MIT,Python :: 3; Python :: 3 :: Only; Python :: 3.10; Python :: 3.11; Python :: 3.12; Python :: 3.13; Python :: Implementation :: CPython; Python :: Implementation :: PyPy,universal Python wheel(s); native implementation not inferred,https://pypi.org/pypi/truststore/0.10.4/json,2026-09-27,metadata snapshot; archive/license text review pending
twine,7.0.0,dev-package-check,Inspect built Python distributions.,"id, keyring, packaging, readme-renderer, requests, requests-toolbelt, rfc3986, rich, urllib3",dev-package-check,Apache-2.0,Python; Python :: 3; Python :: 3 :: Only; Python :: 3.10; Python :: 3.11; Python :: 3.12; Python :: 3.13; Python :: 3.14; Python :: Implementation :: CPython,universal Python wheel(s); native implementation not inferred,https://pypi.org/pypi/twine/7.0.0/json,2026-09-27,metadata snapshot; archive/license text review pending
types-pyyaml,6.0.12.20250516,dev,PyYAML typing stubs.,,dev,Apache-2.0,Python :: 3,universal Python wheel(s); native implementation not inferred,https://pypi.org/pypi/types-pyyaml/6.0.12.20250516/json,2026-09-27,metadata snapshot; archive/license text review pending
typing-extensions,4.15.0,runtime-required,Typing backports on Python versions below 3.13.,,"dev, dev-benchmark, dev-package-check, docs, optional-full, runtime-required",PSF-2.0,Python :: 3; Python :: 3 :: Only; Python :: 3.10; Python :: 3.11; Python :: 3.12; Python :: 3.13; Python :: 3.14; Python :: 3.9,universal Python wheel(s); native implementation not inferred,https://pypi.org/pypi/typing-extensions/4.15.0/json,2026-09-27,metadata snapshot; archive/license text review pending
urllib3,2.7.0,transitive-only,"Transitive dependency required by: requests, twine",,dev-package-check,MIT,Python; Python :: 3; Python :: 3 :: Only; Python :: 3.10; Python :: 3.11; Python :: 3.12; Python :: 3.13; Python :: 3.14; Python :: Free Threading :: 2 - Beta; Python :: Implementation :: CPython; Python :: Implementation :: PyPy,universal Python wheel(s); native implementation not inferred,https://pypi.org/pypi/urllib3/2.7.0/json,2026-09-27,metadata snapshot; archive/license text review pending
watchdog,6.0.0,transitive-only,Transitive dependency required by: mkdocs,,docs,Apache-2.0,C; Python; Python :: 3; Python :: 3 :: Only; Python :: 3.10; Python :: 3.11; Python :: 3.12; Python :: 3.13; Python :: 3.9; Python :: Implementation :: CPython; Python :: Implementation :: PyPy,platform-specific wheel(s); inspect for native/runtime components,https://pypi.org/pypi/watchdog/6.0.0/json,2026-09-27,metadata snapshot; archive/license text review pending
zensical,0.0.51,docs,Build the upstream documentation site.,"click, deepmerge, jinja2, markdown, pygments, pymdown-extensions, pyyaml, tomli",docs,MIT License,Python; Rust,platform-specific wheel(s); inspect for native/runtime components,https://pypi.org/pypi/zensical/0.0.51/json,2026-09-27,metadata snapshot; archive/license text review pending
zipp,3.23.0,transitive-only,Transitive dependency required by: importlib-metadata,,"dev, dev-package-check",MIT,Python :: 3; Python :: 3 :: Only,universal Python wheel(s); native implementation not inferred,https://pypi.org/pypi/zipp/3.23.0/json,2026-09-27,metadata snapshot; archive/license text review pending
zstandard,0.25.0,dev-extra,The httpx2[zstd] development/test extra.,,"dev, dev-extra, optional-full",BSD-3-Clause,C; Python :: 3.10; Python :: 3.11; Python :: 3.12; Python :: 3.13; Python :: 3.14; Python :: 3.9; Python :: Free Threading :: 1 - Unstable,platform-specific wheel(s); inspect for native/runtime components,https://pypi.org/pypi/zstandard/0.25.0/json,2026-09-27,metadata snapshot; archive/license text review pending
